/scratch/orybchuk/conda/pytorch/2.8.0/lib/python3.12/site-packages/torchvision/io/image.py:14: UserWarning: Failed to load image Python extension: 'libjpeg.so.9: cannot open shared object file: No such file or directory'If you don't plan on using image functionality from `torchvision.io`, you can ignore this warning. Otherwise, there might be something wrong with your environment. Did you have `libjpeg` or `libpng` installed before building `torchvision` from source?
  warn(
/scratch/orybchuk/conda/pytorch/2.8.0/lib/python3.12/site-packages/torch/functional.py:554: UserWarning: torch.meshgrid: in an upcoming release, it will be required to pass the indexing argument. (Triggered internally at /kfs3/scratch/orybchuk/pytorch-build/pytorch/2.8.0/pytorch/aten/src/ATen/native/TensorShape.cpp:4322.)
  return _VF.meshgrid(tensors, **kwargs)  # type: ignore[attr-defined]
Getting file stats from ../datasets/era5/train/2008.h5
Number of samples per year: 365
Training dataset has 11680 samples, and there are 730 batches
**** Setup ****
Total params Generator: 11.752M
************
Kicking off training!
	[Batch 0] Memory allocated, before forward: 0.077 GB
[RSTB 0] Memory allocated: 0.174
	Start - Memory allocated: 0.174
			SwinBlock Start - Memory: 0.174
			After norm1 - Memory: 0.223 (+0.049)
			After view reshape - Memory: 0.223 (+0.000)
			After cyclic shift - Memory: 0.223 (+0.000)
			After window partition - Memory: 0.271 (+0.048)
			After attention - Memory: 0.645 (+0.373)
			After window merge - Memory: 0.693 (+0.048)
			After reverse shift & view - Memory: 0.645 (+-0.048)
			After first residual - Memory: 0.693 (+0.048)
			After MLP + residual - Memory: 0.979 (+0.286)
		[Block 0] Memory allocated: 0.883
			SwinBlock Start - Memory: 0.883
			After norm1 - Memory: 0.932 (+0.049)
			After view reshape - Memory: 0.932 (+0.000)
			After cyclic shift - Memory: 0.979 (+0.047)
			After window partition - Memory: 1.027 (+0.048)
			After attention - Memory: 1.367 (+0.340)
			After window merge - Memory: 1.368 (+0.001)
			After reverse shift & view - Memory: 1.367 (+-0.001)
			After first residual - Memory: 1.367 (+0.000)
			After MLP + residual - Memory: 1.653 (+0.286)
		[Block 1] Memory allocated: 1.557
			SwinBlock Start - Memory: 1.557
			After norm1 - Memory: 1.606 (+0.049)
			After view reshape - Memory: 1.606 (+0.000)
			After cyclic shift - Memory: 1.606 (+0.000)
			After window partition - Memory: 1.654 (+0.048)
			After attention - Memory: 1.994 (+0.340)
			After window merge - Memory: 2.041 (+0.047)
			After reverse shift & view - Memory: 1.993 (+-0.048)
			After first residual - Memory: 2.040 (+0.047)
			After MLP + residual - Memory: 2.327 (+0.287)
		[Block 2] Memory allocated: 2.233
			SwinBlock Start - Memory: 2.233
			After norm1 - Memory: 2.281 (+0.049)
			After view reshape - Memory: 2.281 (+0.000)
			After cyclic shift - Memory: 2.329 (+0.047)
			After window partition - Memory: 2.376 (+0.047)
			After attention - Memory: 2.716 (+0.340)
			After window merge - Memory: 2.717 (+0.001)
			After reverse shift & view - Memory: 2.716 (+-0.001)
			After first residual - Memory: 2.716 (+0.000)
			After MLP + residual - Memory: 3.001 (+0.286)
		[Block 3] Memory allocated: 2.906
			SwinBlock Start - Memory: 2.906
			After norm1 - Memory: 2.955 (+0.049)
			After view reshape - Memory: 2.955 (+0.000)
			After cyclic shift - Memory: 2.955 (+0.000)
			After window partition - Memory: 3.003 (+0.048)
			After attention - Memory: 3.343 (+0.340)
			After window merge - Memory: 3.390 (+0.047)
			After reverse shift & view - Memory: 3.342 (+-0.048)
			After first residual - Memory: 3.389 (+0.047)
			After MLP + residual - Memory: 3.676 (+0.287)
		[Block 4] Memory allocated: 3.581
			SwinBlock Start - Memory: 3.581
			After norm1 - Memory: 3.630 (+0.049)
			After view reshape - Memory: 3.630 (+0.000)
			After cyclic shift - Memory: 3.677 (+0.047)
			After window partition - Memory: 3.724 (+0.047)
			After attention - Memory: 4.064 (+0.340)
			After window merge - Memory: 4.065 (+0.001)
			After reverse shift & view - Memory: 4.064 (+-0.001)
			After first residual - Memory: 4.064 (+0.000)
			After MLP + residual - Memory: 4.350 (+0.286)
		[Block 5] Memory allocated: 4.254
	After residual_group - Memory allocated: 4.254
	After patch_unembed - Memory allocated: 4.254
	After conv - Memory allocated: 4.303
	After patch_embed - Memory allocated: 4.303
	After residual add - Memory allocated: 4.351
[RSTB 1] Memory allocated: 4.303
	Start - Memory allocated: 4.303
			SwinBlock Start - Memory: 4.303
			After norm1 - Memory: 4.351 (+0.049)
			After view reshape - Memory: 4.351 (+0.000)
			After cyclic shift - Memory: 4.351 (+0.000)
			After window partition - Memory: 4.399 (+0.047)
			After attention - Memory: 4.738 (+0.340)
			After window merge - Memory: 4.786 (+0.048)
			After reverse shift & view - Memory: 4.738 (+-0.048)
			After first residual - Memory: 4.785 (+0.047)
			After MLP + residual - Memory: 5.072 (+0.287)
		[Block 0] Memory allocated: 4.977
			SwinBlock Start - Memory: 4.977
			After norm1 - Memory: 5.026 (+0.049)
			After view reshape - Memory: 5.026 (+0.000)
			After cyclic shift - Memory: 5.073 (+0.047)
			After window partition - Memory: 5.121 (+0.048)
			After attention - Memory: 5.461 (+0.340)
			After window merge - Memory: 5.462 (+0.001)
			After reverse shift & view - Memory: 5.461 (+-0.001)
			After first residual - Memory: 5.461 (+0.000)
			After MLP + residual - Memory: 5.746 (+0.286)
		[Block 1] Memory allocated: 5.651
			SwinBlock Start - Memory: 5.651
			After norm1 - Memory: 5.700 (+0.049)
			After view reshape - Memory: 5.700 (+0.000)
			After cyclic shift - Memory: 5.700 (+0.000)
			After window partition - Memory: 5.748 (+0.048)
			After attention - Memory: 6.088 (+0.340)
			After window merge - Memory: 6.135 (+0.047)
			After reverse shift & view - Memory: 6.087 (+-0.048)
			After first residual - Memory: 6.134 (+0.047)
			After MLP + residual - Memory: 6.421 (+0.287)
		[Block 2] Memory allocated: 6.326
			SwinBlock Start - Memory: 6.326
			After norm1 - Memory: 6.375 (+0.049)
			After view reshape - Memory: 6.375 (+0.000)
			After cyclic shift - Memory: 6.422 (+0.047)
			After window partition - Memory: 6.469 (+0.047)
			After attention - Memory: 6.809 (+0.340)
			After window merge - Memory: 6.810 (+0.001)
			After reverse shift & view - Memory: 6.809 (+-0.001)
			After first residual - Memory: 6.809 (+0.000)
			After MLP + residual - Memory: 7.095 (+0.286)
		[Block 3] Memory allocated: 7.000
			SwinBlock Start - Memory: 7.000
			After norm1 - Memory: 7.048 (+0.049)
			After view reshape - Memory: 7.048 (+0.000)
			After cyclic shift - Memory: 7.048 (+0.000)
			After window partition - Memory: 7.097 (+0.048)
			After attention - Memory: 7.436 (+0.340)
			After window merge - Memory: 7.483 (+0.047)
			After reverse shift & view - Memory: 7.435 (+-0.048)
			After first residual - Memory: 7.482 (+0.047)
			After MLP + residual - Memory: 7.769 (+0.287)
		[Block 4] Memory allocated: 7.675
			SwinBlock Start - Memory: 7.675
			After norm1 - Memory: 7.724 (+0.049)
			After view reshape - Memory: 7.724 (+0.000)
			After cyclic shift - Memory: 7.771 (+0.047)
			After window partition - Memory: 7.818 (+0.047)
			After attention - Memory: 8.158 (+0.340)
			After window merge - Memory: 8.159 (+0.001)
			After reverse shift & view - Memory: 8.158 (+-0.001)
			After first residual - Memory: 8.158 (+0.000)
			After MLP + residual - Memory: 8.443 (+0.286)
		[Block 5] Memory allocated: 8.348
	After residual_group - Memory allocated: 8.348
	After patch_unembed - Memory allocated: 8.348
	After conv - Memory allocated: 8.396
	After patch_embed - Memory allocated: 8.396
	After residual add - Memory allocated: 8.444
[RSTB 2] Memory allocated: 8.396
	Start - Memory allocated: 8.396
			SwinBlock Start - Memory: 8.396
			After norm1 - Memory: 8.445 (+0.049)
			After view reshape - Memory: 8.445 (+0.000)
			After cyclic shift - Memory: 8.445 (+0.000)
			After window partition - Memory: 8.492 (+0.047)
			After attention - Memory: 8.832 (+0.340)
			After window merge - Memory: 8.880 (+0.048)
			After reverse shift & view - Memory: 8.832 (+-0.048)
			After first residual - Memory: 8.879 (+0.047)
			After MLP + residual - Memory: 9.166 (+0.287)
		[Block 0] Memory allocated: 9.070
			SwinBlock Start - Memory: 9.070
			After norm1 - Memory: 9.119 (+0.049)
			After view reshape - Memory: 9.119 (+0.000)
			After cyclic shift - Memory: 9.166 (+0.047)
			After window partition - Memory: 9.215 (+0.048)
			After attention - Memory: 9.554 (+0.340)
			After window merge - Memory: 9.555 (+0.001)
			After reverse shift & view - Memory: 9.554 (+-0.001)
			After first residual - Memory: 9.554 (+0.000)
			After MLP + residual - Memory: 9.840 (+0.286)
		[Block 1] Memory allocated: 9.745
			SwinBlock Start - Memory: 9.745
			After norm1 - Memory: 9.793 (+0.049)
			After view reshape - Memory: 9.793 (+0.000)
			After cyclic shift - Memory: 9.793 (+0.000)
			After window partition - Memory: 9.842 (+0.048)
			After attention - Memory: 10.181 (+0.340)
			After window merge - Memory: 10.229 (+0.047)
			After reverse shift & view - Memory: 10.180 (+-0.048)
			After first residual - Memory: 10.228 (+0.047)
			After MLP + residual - Memory: 10.514 (+0.287)
		[Block 2] Memory allocated: 10.420
			SwinBlock Start - Memory: 10.420
			After norm1 - Memory: 10.469 (+0.049)
			After view reshape - Memory: 10.469 (+0.000)
			After cyclic shift - Memory: 10.516 (+0.047)
			After window partition - Memory: 10.563 (+0.047)
			After attention - Memory: 10.903 (+0.340)
			After window merge - Memory: 10.904 (+0.001)
			After reverse shift & view - Memory: 10.903 (+-0.001)
			After first residual - Memory: 10.903 (+0.000)
			After MLP + residual - Memory: 11.189 (+0.286)
		[Block 3] Memory allocated: 11.093
			SwinBlock Start - Memory: 11.093
			After norm1 - Memory: 11.142 (+0.049)
			After view reshape - Memory: 11.142 (+0.000)
			After cyclic shift - Memory: 11.142 (+0.000)
			After window partition - Memory: 11.190 (+0.048)
			After attention - Memory: 11.530 (+0.340)
			After window merge - Memory: 11.577 (+0.047)
			After reverse shift & view - Memory: 11.529 (+-0.048)
			After first residual - Memory: 11.576 (+0.047)
			After MLP + residual - Memory: 11.863 (+0.287)
		[Block 4] Memory allocated: 11.768
			SwinBlock Start - Memory: 11.768
			After norm1 - Memory: 11.817 (+0.049)
			After view reshape - Memory: 11.817 (+0.000)
			After cyclic shift - Memory: 11.864 (+0.047)
			After window partition - Memory: 11.912 (+0.047)
			After attention - Memory: 12.251 (+0.340)
			After window merge - Memory: 12.252 (+0.001)
			After reverse shift & view - Memory: 12.251 (+-0.001)
			After first residual - Memory: 12.251 (+0.000)
			After MLP + residual - Memory: 12.537 (+0.286)
		[Block 5] Memory allocated: 12.442
	After residual_group - Memory allocated: 12.442
	After patch_unembed - Memory allocated: 12.442
	After conv - Memory allocated: 12.490
	After patch_embed - Memory allocated: 12.490
	After residual add - Memory allocated: 12.538
[RSTB 3] Memory allocated: 12.490
	Start - Memory allocated: 12.490
			SwinBlock Start - Memory: 12.490
			After norm1 - Memory: 12.539 (+0.049)
			After view reshape - Memory: 12.539 (+0.000)
			After cyclic shift - Memory: 12.539 (+0.000)
			After window partition - Memory: 12.586 (+0.047)
			After attention - Memory: 12.926 (+0.340)
			After window merge - Memory: 12.974 (+0.048)
			After reverse shift & view - Memory: 12.926 (+-0.048)
			After first residual - Memory: 12.973 (+0.047)
			After MLP + residual - Memory: 13.260 (+0.287)
		[Block 0] Memory allocated: 13.164
			SwinBlock Start - Memory: 13.164
			After norm1 - Memory: 13.213 (+0.049)
			After view reshape - Memory: 13.213 (+0.000)
			After cyclic shift - Memory: 13.260 (+0.047)
			After window partition - Memory: 13.308 (+0.048)
			After attention - Memory: 13.648 (+0.340)
			After window merge - Memory: 13.649 (+0.001)
			After reverse shift & view - Memory: 13.648 (+-0.001)
			After first residual - Memory: 13.648 (+0.000)
			After MLP + residual - Memory: 13.934 (+0.286)
		[Block 1] Memory allocated: 13.838
			SwinBlock Start - Memory: 13.838
			After norm1 - Memory: 13.887 (+0.049)
			After view reshape - Memory: 13.887 (+0.000)
			After cyclic shift - Memory: 13.887 (+0.000)
			After window partition - Memory: 13.935 (+0.048)
			After attention - Memory: 14.275 (+0.340)
			After window merge - Memory: 14.322 (+0.047)
			After reverse shift & view - Memory: 14.274 (+-0.048)
			After first residual - Memory: 14.321 (+0.047)
			After MLP + residual - Memory: 14.608 (+0.287)
		[Block 2] Memory allocated: 14.514
			SwinBlock Start - Memory: 14.514
			After norm1 - Memory: 14.562 (+0.049)
			After view reshape - Memory: 14.562 (+0.000)
			After cyclic shift - Memory: 14.610 (+0.047)
			After window partition - Memory: 14.657 (+0.047)
			After attention - Memory: 14.996 (+0.340)
			After window merge - Memory: 14.998 (+0.001)
			After reverse shift & view - Memory: 14.996 (+-0.001)
			After first residual - Memory: 14.996 (+0.000)
			After MLP + residual - Memory: 15.282 (+0.286)
		[Block 3] Memory allocated: 15.187
			SwinBlock Start - Memory: 15.187
			After norm1 - Memory: 15.236 (+0.049)
			After view reshape - Memory: 15.236 (+0.000)
			After cyclic shift - Memory: 15.236 (+0.000)
			After window partition - Memory: 15.284 (+0.048)
			After attention - Memory: 15.624 (+0.340)
			After window merge - Memory: 15.671 (+0.047)
			After reverse shift & view - Memory: 15.622 (+-0.048)
			After first residual - Memory: 15.670 (+0.047)
			After MLP + residual - Memory: 15.956 (+0.287)
		[Block 4] Memory allocated: 15.862
			SwinBlock Start - Memory: 15.862
			After norm1 - Memory: 15.911 (+0.049)
			After view reshape - Memory: 15.911 (+0.000)
			After cyclic shift - Memory: 15.958 (+0.047)
			After window partition - Memory: 16.005 (+0.047)
			After attention - Memory: 16.345 (+0.340)
			After window merge - Memory: 16.346 (+0.001)
			After reverse shift & view - Memory: 16.345 (+-0.001)
			After first residual - Memory: 16.345 (+0.000)
			After MLP + residual - Memory: 16.631 (+0.286)
		[Block 5] Memory allocated: 16.535
	After residual_group - Memory allocated: 16.535
	After patch_unembed - Memory allocated: 16.535
	After conv - Memory allocated: 16.584
	After patch_embed - Memory allocated: 16.584
	After residual add - Memory allocated: 16.632
[RSTB 4] Memory allocated: 16.584
	Start - Memory allocated: 16.584
			SwinBlock Start - Memory: 16.584
			After norm1 - Memory: 16.632 (+0.049)
			After view reshape - Memory: 16.632 (+0.000)
			After cyclic shift - Memory: 16.632 (+0.000)
			After window partition - Memory: 16.679 (+0.047)
			After attention - Memory: 17.019 (+0.340)
			After window merge - Memory: 17.067 (+0.048)
			After reverse shift & view - Memory: 17.019 (+-0.048)
			After first residual - Memory: 17.066 (+0.047)
			After MLP + residual - Memory: 17.353 (+0.287)
		[Block 0] Memory allocated: 17.258
			SwinBlock Start - Memory: 17.258
			After norm1 - Memory: 17.307 (+0.049)
			After view reshape - Memory: 17.307 (+0.000)
			After cyclic shift - Memory: 17.354 (+0.047)
			After window partition - Memory: 17.402 (+0.048)
			After attention - Memory: 17.742 (+0.340)
			After window merge - Memory: 17.743 (+0.001)
			After reverse shift & view - Memory: 17.742 (+-0.001)
			After first residual - Memory: 17.742 (+0.000)
			After MLP + residual - Memory: 18.027 (+0.286)
		[Block 1] Memory allocated: 17.932
			SwinBlock Start - Memory: 17.932
			After norm1 - Memory: 17.981 (+0.049)
			After view reshape - Memory: 17.981 (+0.000)
			After cyclic shift - Memory: 17.981 (+0.000)
			After window partition - Memory: 18.029 (+0.048)
			After attention - Memory: 18.369 (+0.340)
			After window merge - Memory: 18.416 (+0.047)
			After reverse shift & view - Memory: 18.368 (+-0.048)
			After first residual - Memory: 18.415 (+0.047)
			After MLP + residual - Memory: 18.702 (+0.287)
		[Block 2] Memory allocated: 18.607
			SwinBlock Start - Memory: 18.607
			After norm1 - Memory: 18.656 (+0.049)
			After view reshape - Memory: 18.656 (+0.000)
			After cyclic shift - Memory: 18.703 (+0.047)
			After window partition - Memory: 18.750 (+0.047)
			After attention - Memory: 19.090 (+0.340)
			After window merge - Memory: 19.091 (+0.001)
			After reverse shift & view - Memory: 19.090 (+-0.001)
			After first residual - Memory: 19.090 (+0.000)
			After MLP + residual - Memory: 19.376 (+0.286)
		[Block 3] Memory allocated: 19.280
			SwinBlock Start - Memory: 19.280
			After norm1 - Memory: 19.329 (+0.049)
			After view reshape - Memory: 19.329 (+0.000)
			After cyclic shift - Memory: 19.329 (+0.000)
			After window partition - Memory: 19.377 (+0.048)
			After attention - Memory: 19.717 (+0.340)
			After window merge - Memory: 19.764 (+0.047)
			After reverse shift & view - Memory: 19.716 (+-0.048)
			After first residual - Memory: 19.763 (+0.047)
			After MLP + residual - Memory: 20.050 (+0.287)
		[Block 4] Memory allocated: 19.956
			SwinBlock Start - Memory: 19.956
			After norm1 - Memory: 20.004 (+0.049)
			After view reshape - Memory: 20.004 (+0.000)
			After cyclic shift - Memory: 20.052 (+0.047)
			After window partition - Memory: 20.099 (+0.047)
			After attention - Memory: 20.439 (+0.340)
			After window merge - Memory: 20.440 (+0.001)
			After reverse shift & view - Memory: 20.439 (+-0.001)
			After first residual - Memory: 20.439 (+0.000)
			After MLP + residual - Memory: 20.724 (+0.286)
		[Block 5] Memory allocated: 20.629
	After residual_group - Memory allocated: 20.629
	After patch_unembed - Memory allocated: 20.629
	After conv - Memory allocated: 20.677
	After patch_embed - Memory allocated: 20.677
	After residual add - Memory allocated: 20.725
[RSTB 5] Memory allocated: 20.677
	Start - Memory allocated: 20.677
			SwinBlock Start - Memory: 20.677
			After norm1 - Memory: 20.726 (+0.049)
			After view reshape - Memory: 20.726 (+0.000)
			After cyclic shift - Memory: 20.726 (+0.000)
			After window partition - Memory: 20.773 (+0.047)
			After attention - Memory: 21.113 (+0.340)
			After window merge - Memory: 21.161 (+0.048)
			After reverse shift & view - Memory: 21.113 (+-0.048)
			After first residual - Memory: 21.160 (+0.047)
			After MLP + residual - Memory: 21.447 (+0.287)
		[Block 0] Memory allocated: 21.351
			SwinBlock Start - Memory: 21.351
			After norm1 - Memory: 21.400 (+0.049)
			After view reshape - Memory: 21.400 (+0.000)
			After cyclic shift - Memory: 21.447 (+0.047)
			After window partition - Memory: 21.496 (+0.048)
			After attention - Memory: 21.835 (+0.340)
			After window merge - Memory: 21.836 (+0.001)
			After reverse shift & view - Memory: 21.835 (+-0.001)
			After first residual - Memory: 21.835 (+0.000)
			After MLP + residual - Memory: 22.121 (+0.286)
		[Block 1] Memory allocated: 22.026
			SwinBlock Start - Memory: 22.026
			After norm1 - Memory: 22.074 (+0.049)
			After view reshape - Memory: 22.074 (+0.000)
			After cyclic shift - Memory: 22.074 (+0.000)
			After window partition - Memory: 22.123 (+0.048)
			After attention - Memory: 22.462 (+0.340)
			After window merge - Memory: 22.510 (+0.047)
			After reverse shift & view - Memory: 22.461 (+-0.048)
			After first residual - Memory: 22.508 (+0.047)
			After MLP + residual - Memory: 22.795 (+0.287)
		[Block 2] Memory allocated: 22.701
			SwinBlock Start - Memory: 22.701
			After norm1 - Memory: 22.750 (+0.049)
			After view reshape - Memory: 22.750 (+0.000)
			After cyclic shift - Memory: 22.797 (+0.047)
			After window partition - Memory: 22.844 (+0.047)
			After attention - Memory: 23.184 (+0.340)
			After window merge - Memory: 23.185 (+0.001)
			After reverse shift & view - Memory: 23.184 (+-0.001)
			After first residual - Memory: 23.184 (+0.000)
			After MLP + residual - Memory: 23.470 (+0.286)
		[Block 3] Memory allocated: 23.374
			SwinBlock Start - Memory: 23.374
			After norm1 - Memory: 23.423 (+0.049)
			After view reshape - Memory: 23.423 (+0.000)
			After cyclic shift - Memory: 23.423 (+0.000)
			After window partition - Memory: 23.471 (+0.048)
			After attention - Memory: 23.811 (+0.340)
			After window merge - Memory: 23.858 (+0.047)
			After reverse shift & view - Memory: 23.810 (+-0.048)
			After first residual - Memory: 23.857 (+0.047)
			After MLP + residual - Memory: 24.144 (+0.287)
		[Block 4] Memory allocated: 24.049
			SwinBlock Start - Memory: 24.049
			After norm1 - Memory: 24.098 (+0.049)
			After view reshape - Memory: 24.098 (+0.000)
			After cyclic shift - Memory: 24.145 (+0.047)
			After window partition - Memory: 24.193 (+0.047)
			After attention - Memory: 24.532 (+0.340)
			After window merge - Memory: 24.533 (+0.001)
			After reverse shift & view - Memory: 24.532 (+-0.001)
			After first residual - Memory: 24.532 (+0.000)
			After MLP + residual - Memory: 24.818 (+0.286)
		[Block 5] Memory allocated: 24.723
	After residual_group - Memory allocated: 24.723
	After patch_unembed - Memory allocated: 24.723
	After conv - Memory allocated: 24.771
	After patch_embed - Memory allocated: 24.771
	After residual add - Memory allocated: 24.819
	[Batch 0] Memory allocated, after forward: 24.955 GB
	[Batch 0] Memory allocated, before backward: 24.958 GB
	[Batch 0] Memory allocated, after backward: 0.195 GB
	[Batch 0] Memory allocated, after optimizer: 0.291 GB
Batch index: 0...
	[Batch 1] Memory allocated, before forward: 0.242 GB
[RSTB 0] Memory allocated: 0.340
	Start - Memory allocated: 0.340
			SwinBlock Start - Memory: 0.340
			After norm1 - Memory: 0.389 (+0.049)
			After view reshape - Memory: 0.389 (+0.000)
			After cyclic shift - Memory: 0.389 (+0.000)
			After window partition - Memory: 0.437 (+0.048)
			After attention - Memory: 0.779 (+0.342)
			After window merge - Memory: 0.827 (+0.048)
			After reverse shift & view - Memory: 0.779 (+-0.048)
			After first residual - Memory: 0.827 (+0.048)
			After MLP + residual - Memory: 1.113 (+0.286)
		[Block 0] Memory allocated: 1.016
			SwinBlock Start - Memory: 1.016
			After norm1 - Memory: 1.065 (+0.049)
			After view reshape - Memory: 1.065 (+0.000)
			After cyclic shift - Memory: 1.113 (+0.048)
			After window partition - Memory: 1.161 (+0.048)
			After attention - Memory: 1.503 (+0.342)
			After window merge - Memory: 1.503 (+0.000)
			After reverse shift & view - Memory: 1.503 (+0.000)
			After first residual - Memory: 1.503 (+0.000)
			After MLP + residual - Memory: 1.789 (+0.286)
		[Block 1] Memory allocated: 1.693
			SwinBlock Start - Memory: 1.693
			After norm1 - Memory: 1.741 (+0.049)
			After view reshape - Memory: 1.741 (+0.000)
			After cyclic shift - Memory: 1.741 (+0.000)
			After window partition - Memory: 1.790 (+0.048)
			After attention - Memory: 2.131 (+0.342)
			After window merge - Memory: 2.180 (+0.048)
			After reverse shift & view - Memory: 2.131 (+-0.048)
			After first residual - Memory: 2.180 (+0.048)
			After MLP + residual - Memory: 2.465 (+0.286)
		[Block 2] Memory allocated: 2.369
			SwinBlock Start - Memory: 2.369
			After norm1 - Memory: 2.418 (+0.049)
			After view reshape - Memory: 2.418 (+0.000)
			After cyclic shift - Memory: 2.466 (+0.048)
			After window partition - Memory: 2.514 (+0.048)
			After attention - Memory: 2.856 (+0.342)
			After window merge - Memory: 2.856 (+0.000)
			After reverse shift & view - Memory: 2.856 (+0.000)
			After first residual - Memory: 2.856 (+0.000)
			After MLP + residual - Memory: 3.142 (+0.286)
		[Block 3] Memory allocated: 3.045
			SwinBlock Start - Memory: 3.045
			After norm1 - Memory: 3.094 (+0.049)
			After view reshape - Memory: 3.094 (+0.000)
			After cyclic shift - Memory: 3.094 (+0.000)
			After window partition - Memory: 3.142 (+0.048)
			After attention - Memory: 3.484 (+0.342)
			After window merge - Memory: 3.532 (+0.048)
			After reverse shift & view - Memory: 3.484 (+-0.048)
			After first residual - Memory: 3.532 (+0.048)
			After MLP + residual - Memory: 3.818 (+0.286)
		[Block 4] Memory allocated: 3.722
			SwinBlock Start - Memory: 3.722
			After norm1 - Memory: 3.770 (+0.049)
			After view reshape - Memory: 3.770 (+0.000)
			After cyclic shift - Memory: 3.819 (+0.048)
			After window partition - Memory: 3.867 (+0.048)
			After attention - Memory: 4.209 (+0.342)
			After window merge - Memory: 4.209 (+0.000)
			After reverse shift & view - Memory: 4.209 (+0.000)
			After first residual - Memory: 4.209 (+0.000)
			After MLP + residual - Memory: 4.494 (+0.286)
		[Block 5] Memory allocated: 4.398
	After residual_group - Memory allocated: 4.398
	After patch_unembed - Memory allocated: 4.398
	After conv - Memory allocated: 4.446
	After patch_embed - Memory allocated: 4.446
	After residual add - Memory allocated: 4.494
[RSTB 1] Memory allocated: 4.446
	Start - Memory allocated: 4.446
			SwinBlock Start - Memory: 4.446
			After norm1 - Memory: 4.495 (+0.049)
			After view reshape - Memory: 4.495 (+0.000)
			After cyclic shift - Memory: 4.495 (+0.000)
			After window partition - Memory: 4.543 (+0.048)
			After attention - Memory: 4.885 (+0.342)
			After window merge - Memory: 4.933 (+0.048)
			After reverse shift & view - Memory: 4.885 (+-0.048)
			After first residual - Memory: 4.933 (+0.048)
			After MLP + residual - Memory: 5.219 (+0.286)
		[Block 0] Memory allocated: 5.122
			SwinBlock Start - Memory: 5.122
			After norm1 - Memory: 5.171 (+0.049)
			After view reshape - Memory: 5.171 (+0.000)
			After cyclic shift - Memory: 5.219 (+0.048)
			After window partition - Memory: 5.268 (+0.048)
			After attention - Memory: 5.610 (+0.342)
			After window merge - Memory: 5.610 (+0.000)
			After reverse shift & view - Memory: 5.610 (+0.000)
			After first residual - Memory: 5.610 (+0.000)
			After MLP + residual - Memory: 5.895 (+0.286)
		[Block 1] Memory allocated: 5.799
			SwinBlock Start - Memory: 5.799
			After norm1 - Memory: 5.848 (+0.049)
			After view reshape - Memory: 5.848 (+0.000)
			After cyclic shift - Memory: 5.848 (+0.000)
			After window partition - Memory: 5.896 (+0.048)
			After attention - Memory: 6.238 (+0.342)
			After window merge - Memory: 6.286 (+0.048)
			After reverse shift & view - Memory: 6.238 (+-0.048)
			After first residual - Memory: 6.286 (+0.048)
			After MLP + residual - Memory: 6.572 (+0.286)
		[Block 2] Memory allocated: 6.475
			SwinBlock Start - Memory: 6.475
			After norm1 - Memory: 6.524 (+0.049)
			After view reshape - Memory: 6.524 (+0.000)
			After cyclic shift - Memory: 6.572 (+0.048)
			After window partition - Memory: 6.620 (+0.048)
			After attention - Memory: 6.962 (+0.342)
			After window merge - Memory: 6.962 (+0.000)
			After reverse shift & view - Memory: 6.962 (+0.000)
			After first residual - Memory: 6.962 (+0.000)
			After MLP + residual - Memory: 7.248 (+0.286)
		[Block 3] Memory allocated: 7.151
			SwinBlock Start - Memory: 7.151
			After norm1 - Memory: 7.200 (+0.049)
			After view reshape - Memory: 7.200 (+0.000)
			After cyclic shift - Memory: 7.200 (+0.000)
			After window partition - Memory: 7.248 (+0.048)
			After attention - Memory: 7.590 (+0.342)
			After window merge - Memory: 7.639 (+0.048)
			After reverse shift & view - Memory: 7.590 (+-0.048)
			After first residual - Memory: 7.639 (+0.048)
			After MLP + residual - Memory: 7.924 (+0.286)
		[Block 4] Memory allocated: 7.828
			SwinBlock Start - Memory: 7.828
			After norm1 - Memory: 7.877 (+0.049)
			After view reshape - Memory: 7.877 (+0.000)
			After cyclic shift - Memory: 7.925 (+0.048)
			After window partition - Memory: 7.973 (+0.048)
			After attention - Memory: 8.315 (+0.342)
			After window merge - Memory: 8.315 (+0.000)
			After reverse shift & view - Memory: 8.315 (+0.000)
			After first residual - Memory: 8.315 (+0.000)
			After MLP + residual - Memory: 8.601 (+0.286)
		[Block 5] Memory allocated: 8.504
	After residual_group - Memory allocated: 8.504
	After patch_unembed - Memory allocated: 8.504
	After conv - Memory allocated: 8.552
	After patch_embed - Memory allocated: 8.552
	After residual add - Memory allocated: 8.601
[RSTB 2] Memory allocated: 8.552
	Start - Memory allocated: 8.552
			SwinBlock Start - Memory: 8.552
			After norm1 - Memory: 8.601 (+0.049)
			After view reshape - Memory: 8.601 (+0.000)
			After cyclic shift - Memory: 8.601 (+0.000)
			After window partition - Memory: 8.649 (+0.048)
			After attention - Memory: 8.991 (+0.342)
			After window merge - Memory: 9.039 (+0.048)
			After reverse shift & view - Memory: 8.991 (+-0.048)
			After first residual - Memory: 9.039 (+0.048)
			After MLP + residual - Memory: 9.325 (+0.286)
		[Block 0] Memory allocated: 9.229
			SwinBlock Start - Memory: 9.229
			After norm1 - Memory: 9.277 (+0.049)
			After view reshape - Memory: 9.277 (+0.000)
			After cyclic shift - Memory: 9.326 (+0.048)
			After window partition - Memory: 9.374 (+0.048)
			After attention - Memory: 9.716 (+0.342)
			After window merge - Memory: 9.716 (+0.000)
			After reverse shift & view - Memory: 9.716 (+0.000)
			After first residual - Memory: 9.716 (+0.000)
			After MLP + residual - Memory: 10.001 (+0.286)
		[Block 1] Memory allocated: 9.905
			SwinBlock Start - Memory: 9.905
			After norm1 - Memory: 9.954 (+0.049)
			After view reshape - Memory: 9.954 (+0.000)
			After cyclic shift - Memory: 9.954 (+0.000)
			After window partition - Memory: 10.002 (+0.048)
			After attention - Memory: 10.344 (+0.342)
			After window merge - Memory: 10.392 (+0.048)
			After reverse shift & view - Memory: 10.344 (+-0.048)
			After first residual - Memory: 10.392 (+0.048)
			After MLP + residual - Memory: 10.678 (+0.286)
		[Block 2] Memory allocated: 10.581
			SwinBlock Start - Memory: 10.581
			After norm1 - Memory: 10.630 (+0.049)
			After view reshape - Memory: 10.630 (+0.000)
			After cyclic shift - Memory: 10.678 (+0.048)
			After window partition - Memory: 10.727 (+0.048)
			After attention - Memory: 11.068 (+0.342)
			After window merge - Memory: 11.068 (+0.000)
			After reverse shift & view - Memory: 11.068 (+0.000)
			After first residual - Memory: 11.068 (+0.000)
			After MLP + residual - Memory: 11.354 (+0.286)
		[Block 3] Memory allocated: 11.258
			SwinBlock Start - Memory: 11.258
			After norm1 - Memory: 11.306 (+0.049)
			After view reshape - Memory: 11.306 (+0.000)
			After cyclic shift - Memory: 11.306 (+0.000)
			After window partition - Memory: 11.355 (+0.048)
			After attention - Memory: 11.697 (+0.342)
			After window merge - Memory: 11.745 (+0.048)
			After reverse shift & view - Memory: 11.697 (+-0.048)
			After first residual - Memory: 11.745 (+0.048)
			After MLP + residual - Memory: 12.030 (+0.286)
		[Block 4] Memory allocated: 11.934
			SwinBlock Start - Memory: 11.934
			After norm1 - Memory: 11.983 (+0.049)
			After view reshape - Memory: 11.983 (+0.000)
			After cyclic shift - Memory: 12.031 (+0.048)
			After window partition - Memory: 12.079 (+0.048)
			After attention - Memory: 12.421 (+0.342)
			After window merge - Memory: 12.421 (+0.000)
			After reverse shift & view - Memory: 12.421 (+0.000)
			After first residual - Memory: 12.421 (+0.000)
			After MLP + residual - Memory: 12.707 (+0.286)
		[Block 5] Memory allocated: 12.610
	After residual_group - Memory allocated: 12.610
	After patch_unembed - Memory allocated: 12.610
	After conv - Memory allocated: 12.659
	After patch_embed - Memory allocated: 12.659
	After residual add - Memory allocated: 12.707
[RSTB 3] Memory allocated: 12.659
	Start - Memory allocated: 12.659
			SwinBlock Start - Memory: 12.659
			After norm1 - Memory: 12.707 (+0.049)
			After view reshape - Memory: 12.707 (+0.000)
			After cyclic shift - Memory: 12.707 (+0.000)
			After window partition - Memory: 12.756 (+0.048)
			After attention - Memory: 13.097 (+0.342)
			After window merge - Memory: 13.146 (+0.048)
			After reverse shift & view - Memory: 13.097 (+-0.048)
			After first residual - Memory: 13.146 (+0.048)
			After MLP + residual - Memory: 13.431 (+0.286)
		[Block 0] Memory allocated: 13.335
			SwinBlock Start - Memory: 13.335
			After norm1 - Memory: 13.384 (+0.049)
			After view reshape - Memory: 13.384 (+0.000)
			After cyclic shift - Memory: 13.432 (+0.048)
			After window partition - Memory: 13.480 (+0.048)
			After attention - Memory: 13.822 (+0.342)
			After window merge - Memory: 13.822 (+0.000)
			After reverse shift & view - Memory: 13.822 (+0.000)
			After first residual - Memory: 13.822 (+0.000)
			After MLP + residual - Memory: 14.108 (+0.286)
		[Block 1] Memory allocated: 14.011
			SwinBlock Start - Memory: 14.011
			After norm1 - Memory: 14.060 (+0.049)
			After view reshape - Memory: 14.060 (+0.000)
			After cyclic shift - Memory: 14.060 (+0.000)
			After window partition - Memory: 14.108 (+0.048)
			After attention - Memory: 14.450 (+0.342)
			After window merge - Memory: 14.498 (+0.048)
			After reverse shift & view - Memory: 14.450 (+-0.048)
			After first residual - Memory: 14.498 (+0.048)
			After MLP + residual - Memory: 14.784 (+0.286)
		[Block 2] Memory allocated: 14.688
			SwinBlock Start - Memory: 14.688
			After norm1 - Memory: 14.736 (+0.049)
			After view reshape - Memory: 14.736 (+0.000)
			After cyclic shift - Memory: 14.785 (+0.048)
			After window partition - Memory: 14.833 (+0.048)
			After attention - Memory: 15.175 (+0.342)
			After window merge - Memory: 15.175 (+0.000)
			After reverse shift & view - Memory: 15.175 (+0.000)
			After first residual - Memory: 15.175 (+0.000)
			After MLP + residual - Memory: 15.460 (+0.286)
		[Block 3] Memory allocated: 15.364
			SwinBlock Start - Memory: 15.364
			After norm1 - Memory: 15.413 (+0.049)
			After view reshape - Memory: 15.413 (+0.000)
			After cyclic shift - Memory: 15.413 (+0.000)
			After window partition - Memory: 15.461 (+0.048)
			After attention - Memory: 15.803 (+0.342)
			After window merge - Memory: 15.851 (+0.048)
			After reverse shift & view - Memory: 15.803 (+-0.048)
			After first residual - Memory: 15.851 (+0.048)
			After MLP + residual - Memory: 16.137 (+0.286)
		[Block 4] Memory allocated: 16.040
			SwinBlock Start - Memory: 16.040
			After norm1 - Memory: 16.089 (+0.049)
			After view reshape - Memory: 16.089 (+0.000)
			After cyclic shift - Memory: 16.136 (+0.047)
			After window partition - Memory: 16.184 (+0.048)
			After attention - Memory: 16.521 (+0.337)
			After window merge - Memory: 16.521 (+0.000)
			After reverse shift & view - Memory: 16.520 (+-0.001)
			After first residual - Memory: 16.520 (+0.000)
			After MLP + residual - Memory: 16.805 (+0.285)
		[Block 5] Memory allocated: 16.710
	After residual_group - Memory allocated: 16.710
	After patch_unembed - Memory allocated: 16.710
	After conv - Memory allocated: 16.757
	After patch_embed - Memory allocated: 16.757
	After residual add - Memory allocated: 16.805
[RSTB 4] Memory allocated: 16.757
	Start - Memory allocated: 16.757
			SwinBlock Start - Memory: 16.757
			After norm1 - Memory: 16.805 (+0.048)
			After view reshape - Memory: 16.805 (+0.000)
			After cyclic shift - Memory: 16.805 (+0.000)
			After window partition - Memory: 16.852 (+0.047)
			After attention - Memory: 17.189 (+0.337)
			After window merge - Memory: 17.236 (+0.047)
			After reverse shift & view - Memory: 17.189 (+-0.047)
			After first residual - Memory: 17.236 (+0.047)
			After MLP + residual - Memory: 17.520 (+0.284)
		[Block 0] Memory allocated: 17.425
			SwinBlock Start - Memory: 17.425
			After norm1 - Memory: 17.473 (+0.048)
			After view reshape - Memory: 17.473 (+0.000)
			After cyclic shift - Memory: 17.520 (+0.047)
			After window partition - Memory: 17.567 (+0.047)
			After attention - Memory: 17.904 (+0.337)
			After window merge - Memory: 17.904 (+0.000)
			After reverse shift & view - Memory: 17.904 (+0.000)
			After first residual - Memory: 17.904 (+0.000)
			After MLP + residual - Memory: 18.188 (+0.284)
		[Block 1] Memory allocated: 18.093
			SwinBlock Start - Memory: 18.093
			After norm1 - Memory: 18.141 (+0.048)
			After view reshape - Memory: 18.141 (+0.000)
			After cyclic shift - Memory: 18.141 (+0.000)
			After window partition - Memory: 18.188 (+0.047)
			After attention - Memory: 18.525 (+0.337)
			After window merge - Memory: 18.572 (+0.047)
			After reverse shift & view - Memory: 18.525 (+-0.047)
			After first residual - Memory: 18.572 (+0.047)
			After MLP + residual - Memory: 18.856 (+0.284)
		[Block 2] Memory allocated: 18.761
			SwinBlock Start - Memory: 18.761
			After norm1 - Memory: 18.809 (+0.048)
			After view reshape - Memory: 18.809 (+0.000)
			After cyclic shift - Memory: 18.856 (+0.047)
			After window partition - Memory: 18.903 (+0.047)
			After attention - Memory: 19.240 (+0.337)
			After window merge - Memory: 19.240 (+0.000)
			After reverse shift & view - Memory: 19.240 (+0.000)
			After first residual - Memory: 19.240 (+0.000)
			After MLP + residual - Memory: 19.524 (+0.284)
		[Block 3] Memory allocated: 19.429
			SwinBlock Start - Memory: 19.429
			After norm1 - Memory: 19.477 (+0.048)
			After view reshape - Memory: 19.477 (+0.000)
			After cyclic shift - Memory: 19.477 (+0.000)
			After window partition - Memory: 19.524 (+0.047)
			After attention - Memory: 19.861 (+0.337)
			After window merge - Memory: 19.908 (+0.047)
			After reverse shift & view - Memory: 19.861 (+-0.047)
			After first residual - Memory: 19.908 (+0.047)
			After MLP + residual - Memory: 20.192 (+0.284)
		[Block 4] Memory allocated: 20.097
			SwinBlock Start - Memory: 20.097
			After norm1 - Memory: 20.145 (+0.048)
			After view reshape - Memory: 20.145 (+0.000)
			After cyclic shift - Memory: 20.192 (+0.047)
			After window partition - Memory: 20.239 (+0.047)
			After attention - Memory: 20.576 (+0.337)
			After window merge - Memory: 20.576 (+0.000)
			After reverse shift & view - Memory: 20.576 (+0.000)
			After first residual - Memory: 20.576 (+0.000)
			After MLP + residual - Memory: 20.861 (+0.285)
		[Block 5] Memory allocated: 20.766
	After residual_group - Memory allocated: 20.766
	After patch_unembed - Memory allocated: 20.766
	After conv - Memory allocated: 20.813
	After patch_embed - Memory allocated: 20.813
	After residual add - Memory allocated: 20.861
[RSTB 5] Memory allocated: 20.813
	Start - Memory allocated: 20.813
			SwinBlock Start - Memory: 20.813
			After norm1 - Memory: 20.861 (+0.048)
			After view reshape - Memory: 20.861 (+0.000)
			After cyclic shift - Memory: 20.861 (+0.000)
			After window partition - Memory: 20.909 (+0.048)
			After attention - Memory: 21.248 (+0.339)
			After window merge - Memory: 21.295 (+0.047)
			After reverse shift & view - Memory: 21.248 (+-0.047)
			After first residual - Memory: 21.295 (+0.047)
			After MLP + residual - Memory: 21.581 (+0.286)
		[Block 0] Memory allocated: 21.487
			SwinBlock Start - Memory: 21.487
			After norm1 - Memory: 21.534 (+0.048)
			After view reshape - Memory: 21.534 (+0.000)
			After cyclic shift - Memory: 21.581 (+0.047)
			After window partition - Memory: 21.629 (+0.047)
			After attention - Memory: 21.967 (+0.339)
			After window merge - Memory: 21.967 (+0.000)
			After reverse shift & view - Memory: 21.967 (+0.000)
			After first residual - Memory: 21.967 (+0.000)
			After MLP + residual - Memory: 22.253 (+0.286)
		[Block 1] Memory allocated: 22.158
			SwinBlock Start - Memory: 22.158
			After norm1 - Memory: 22.205 (+0.048)
			After view reshape - Memory: 22.205 (+0.000)
			After cyclic shift - Memory: 22.205 (+0.000)
			After window partition - Memory: 22.254 (+0.048)
			After attention - Memory: 22.592 (+0.339)
			After window merge - Memory: 22.639 (+0.047)
			After reverse shift & view - Memory: 22.592 (+-0.047)
			After first residual - Memory: 22.639 (+0.047)
			After MLP + residual - Memory: 22.925 (+0.286)
		[Block 2] Memory allocated: 22.831
			SwinBlock Start - Memory: 22.831
			After norm1 - Memory: 22.879 (+0.048)
			After view reshape - Memory: 22.879 (+0.000)
			After cyclic shift - Memory: 22.926 (+0.047)
			After window partition - Memory: 22.973 (+0.047)
			After attention - Memory: 23.312 (+0.339)
			After window merge - Memory: 23.312 (+0.000)
			After reverse shift & view - Memory: 23.312 (+0.000)
			After first residual - Memory: 23.312 (+0.000)
			After MLP + residual - Memory: 23.597 (+0.286)
		[Block 3] Memory allocated: 23.502
			SwinBlock Start - Memory: 23.502
			After norm1 - Memory: 23.550 (+0.048)
			After view reshape - Memory: 23.550 (+0.000)
			After cyclic shift - Memory: 23.550 (+0.000)
			After window partition - Memory: 23.598 (+0.048)
			After attention - Memory: 23.937 (+0.339)
			After window merge - Memory: 23.984 (+0.047)
			After reverse shift & view - Memory: 23.937 (+-0.047)
			After first residual - Memory: 23.984 (+0.047)
			After MLP + residual - Memory: 24.269 (+0.286)
		[Block 4] Memory allocated: 24.175
			SwinBlock Start - Memory: 24.175
			After norm1 - Memory: 24.223 (+0.048)
			After view reshape - Memory: 24.223 (+0.000)
			After cyclic shift - Memory: 24.270 (+0.047)
			After window partition - Memory: 24.317 (+0.047)
			After attention - Memory: 24.656 (+0.339)
			After window merge - Memory: 24.656 (+0.000)
			After reverse shift & view - Memory: 24.656 (+0.000)
			After first residual - Memory: 24.656 (+0.000)
			After MLP + residual - Memory: 24.942 (+0.286)
		[Block 5] Memory allocated: 24.846
	After residual_group - Memory allocated: 24.846
	After patch_unembed - Memory allocated: 24.846
	After conv - Memory allocated: 24.893
	After patch_embed - Memory allocated: 24.893
	After residual add - Memory allocated: 24.942
	[Batch 1] Memory allocated, after forward: 25.073 GB
	[Batch 1] Memory allocated, before backward: 25.076 GB
	[Batch 1] Memory allocated, after backward: 0.291 GB
	[Batch 1] Memory allocated, after optimizer: 0.291 GB
Batch index: 1...
	[Batch 2] Memory allocated, before forward: 0.242 GB
[RSTB 0] Memory allocated: 0.340
	Start - Memory allocated: 0.340
			SwinBlock Start - Memory: 0.340
			After norm1 - Memory: 0.389 (+0.049)
			After view reshape - Memory: 0.389 (+0.000)
			After cyclic shift - Memory: 0.389 (+0.000)
			After window partition - Memory: 0.437 (+0.048)
			After attention - Memory: 0.779 (+0.342)
			After window merge - Memory: 0.827 (+0.048)
			After reverse shift & view - Memory: 0.779 (+-0.048)
			After first residual - Memory: 0.827 (+0.048)
			After MLP + residual - Memory: 1.113 (+0.286)
		[Block 0] Memory allocated: 1.016
			SwinBlock Start - Memory: 1.016
			After norm1 - Memory: 1.065 (+0.049)
			After view reshape - Memory: 1.065 (+0.000)
			After cyclic shift - Memory: 1.113 (+0.048)
			After window partition - Memory: 1.161 (+0.048)
			After attention - Memory: 1.503 (+0.342)
			After window merge - Memory: 1.503 (+0.000)
			After reverse shift & view - Memory: 1.503 (+0.000)
			After first residual - Memory: 1.503 (+0.000)
			After MLP + residual - Memory: 1.789 (+0.286)
		[Block 1] Memory allocated: 1.693
			SwinBlock Start - Memory: 1.693
			After norm1 - Memory: 1.741 (+0.049)
			After view reshape - Memory: 1.741 (+0.000)
			After cyclic shift - Memory: 1.741 (+0.000)
			After window partition - Memory: 1.790 (+0.048)
			After attention - Memory: 2.131 (+0.342)
			After window merge - Memory: 2.180 (+0.048)
			After reverse shift & view - Memory: 2.131 (+-0.048)
			After first residual - Memory: 2.180 (+0.048)
			After MLP + residual - Memory: 2.465 (+0.286)
		[Block 2] Memory allocated: 2.369
			SwinBlock Start - Memory: 2.369
			After norm1 - Memory: 2.418 (+0.049)
			After view reshape - Memory: 2.418 (+0.000)
			After cyclic shift - Memory: 2.466 (+0.048)
			After window partition - Memory: 2.514 (+0.048)
			After attention - Memory: 2.856 (+0.342)
			After window merge - Memory: 2.856 (+0.000)
			After reverse shift & view - Memory: 2.856 (+0.000)
			After first residual - Memory: 2.856 (+0.000)
			After MLP + residual - Memory: 3.142 (+0.286)
		[Block 3] Memory allocated: 3.045
			SwinBlock Start - Memory: 3.045
			After norm1 - Memory: 3.094 (+0.049)
			After view reshape - Memory: 3.094 (+0.000)
			After cyclic shift - Memory: 3.094 (+0.000)
			After window partition - Memory: 3.142 (+0.048)
			After attention - Memory: 3.484 (+0.342)
			After window merge - Memory: 3.532 (+0.048)
			After reverse shift & view - Memory: 3.484 (+-0.048)
			After first residual - Memory: 3.532 (+0.048)
			After MLP + residual - Memory: 3.818 (+0.286)
		[Block 4] Memory allocated: 3.722
			SwinBlock Start - Memory: 3.722
			After norm1 - Memory: 3.770 (+0.049)
			After view reshape - Memory: 3.770 (+0.000)
			After cyclic shift - Memory: 3.819 (+0.048)
			After window partition - Memory: 3.867 (+0.048)
			After attention - Memory: 4.209 (+0.342)
			After window merge - Memory: 4.209 (+0.000)
			After reverse shift & view - Memory: 4.209 (+0.000)
			After first residual - Memory: 4.209 (+0.000)
			After MLP + residual - Memory: 4.494 (+0.286)
		[Block 5] Memory allocated: 4.398
	After residual_group - Memory allocated: 4.398
	After patch_unembed - Memory allocated: 4.398
	After conv - Memory allocated: 4.446
	After patch_embed - Memory allocated: 4.446
	After residual add - Memory allocated: 4.494
[RSTB 1] Memory allocated: 4.446
	Start - Memory allocated: 4.446
			SwinBlock Start - Memory: 4.446
			After norm1 - Memory: 4.495 (+0.049)
			After view reshape - Memory: 4.495 (+0.000)
			After cyclic shift - Memory: 4.495 (+0.000)
			After window partition - Memory: 4.543 (+0.048)
			After attention - Memory: 4.885 (+0.342)
			After window merge - Memory: 4.933 (+0.048)
			After reverse shift & view - Memory: 4.885 (+-0.048)
			After first residual - Memory: 4.933 (+0.048)
			After MLP + residual - Memory: 5.219 (+0.286)
		[Block 0] Memory allocated: 5.122
			SwinBlock Start - Memory: 5.122
			After norm1 - Memory: 5.171 (+0.049)
			After view reshape - Memory: 5.171 (+0.000)
			After cyclic shift - Memory: 5.219 (+0.048)
			After window partition - Memory: 5.268 (+0.048)
			After attention - Memory: 5.610 (+0.342)
			After window merge - Memory: 5.610 (+0.000)
			After reverse shift & view - Memory: 5.610 (+0.000)
			After first residual - Memory: 5.610 (+0.000)
			After MLP + residual - Memory: 5.895 (+0.286)
		[Block 1] Memory allocated: 5.799
			SwinBlock Start - Memory: 5.799
			After norm1 - Memory: 5.848 (+0.049)
			After view reshape - Memory: 5.848 (+0.000)
			After cyclic shift - Memory: 5.848 (+0.000)
			After window partition - Memory: 5.896 (+0.048)
			After attention - Memory: 6.238 (+0.342)
			After window merge - Memory: 6.286 (+0.048)
			After reverse shift & view - Memory: 6.238 (+-0.048)
			After first residual - Memory: 6.286 (+0.048)
			After MLP + residual - Memory: 6.572 (+0.286)
		[Block 2] Memory allocated: 6.475
			SwinBlock Start - Memory: 6.475
			After norm1 - Memory: 6.524 (+0.049)
			After view reshape - Memory: 6.524 (+0.000)
			After cyclic shift - Memory: 6.572 (+0.048)
			After window partition - Memory: 6.620 (+0.048)
			After attention - Memory: 6.962 (+0.342)
			After window merge - Memory: 6.962 (+0.000)
			After reverse shift & view - Memory: 6.962 (+0.000)
			After first residual - Memory: 6.962 (+0.000)
			After MLP + residual - Memory: 7.248 (+0.286)
		[Block 3] Memory allocated: 7.151
			SwinBlock Start - Memory: 7.151
			After norm1 - Memory: 7.200 (+0.049)
			After view reshape - Memory: 7.200 (+0.000)
			After cyclic shift - Memory: 7.200 (+0.000)
			After window partition - Memory: 7.248 (+0.048)
			After attention - Memory: 7.590 (+0.342)
			After window merge - Memory: 7.639 (+0.048)
			After reverse shift & view - Memory: 7.590 (+-0.048)
			After first residual - Memory: 7.639 (+0.048)
			After MLP + residual - Memory: 7.924 (+0.286)
		[Block 4] Memory allocated: 7.828
			SwinBlock Start - Memory: 7.828
			After norm1 - Memory: 7.877 (+0.049)
			After view reshape - Memory: 7.877 (+0.000)
			After cyclic shift - Memory: 7.925 (+0.048)
			After window partition - Memory: 7.973 (+0.048)
			After attention - Memory: 8.315 (+0.342)
			After window merge - Memory: 8.315 (+0.000)
			After reverse shift & view - Memory: 8.315 (+0.000)
			After first residual - Memory: 8.315 (+0.000)
			After MLP + residual - Memory: 8.601 (+0.286)
		[Block 5] Memory allocated: 8.504
	After residual_group - Memory allocated: 8.504
	After patch_unembed - Memory allocated: 8.504
	After conv - Memory allocated: 8.552
	After patch_embed - Memory allocated: 8.552
	After residual add - Memory allocated: 8.601
[RSTB 2] Memory allocated: 8.552
	Start - Memory allocated: 8.552
			SwinBlock Start - Memory: 8.552
			After norm1 - Memory: 8.601 (+0.049)
			After view reshape - Memory: 8.601 (+0.000)
			After cyclic shift - Memory: 8.601 (+0.000)
			After window partition - Memory: 8.649 (+0.048)
			After attention - Memory: 8.991 (+0.342)
			After window merge - Memory: 9.039 (+0.048)
			After reverse shift & view - Memory: 8.991 (+-0.048)
			After first residual - Memory: 9.039 (+0.048)
			After MLP + residual - Memory: 9.325 (+0.286)
		[Block 0] Memory allocated: 9.229
			SwinBlock Start - Memory: 9.229
			After norm1 - Memory: 9.277 (+0.049)
			After view reshape - Memory: 9.277 (+0.000)
			After cyclic shift - Memory: 9.326 (+0.048)
			After window partition - Memory: 9.374 (+0.048)
			After attention - Memory: 9.716 (+0.342)
			After window merge - Memory: 9.716 (+0.000)
			After reverse shift & view - Memory: 9.716 (+0.000)
			After first residual - Memory: 9.716 (+0.000)
			After MLP + residual - Memory: 10.001 (+0.286)
		[Block 1] Memory allocated: 9.905
			SwinBlock Start - Memory: 9.905
			After norm1 - Memory: 9.954 (+0.049)
			After view reshape - Memory: 9.954 (+0.000)
			After cyclic shift - Memory: 9.954 (+0.000)
			After window partition - Memory: 10.002 (+0.048)
			After attention - Memory: 10.344 (+0.342)
			After window merge - Memory: 10.392 (+0.048)
			After reverse shift & view - Memory: 10.344 (+-0.048)
			After first residual - Memory: 10.392 (+0.048)
			After MLP + residual - Memory: 10.678 (+0.286)
		[Block 2] Memory allocated: 10.581
			SwinBlock Start - Memory: 10.581
			After norm1 - Memory: 10.630 (+0.049)
			After view reshape - Memory: 10.630 (+0.000)
			After cyclic shift - Memory: 10.678 (+0.048)
			After window partition - Memory: 10.727 (+0.048)
			After attention - Memory: 11.068 (+0.342)
			After window merge - Memory: 11.068 (+0.000)
			After reverse shift & view - Memory: 11.068 (+0.000)
			After first residual - Memory: 11.068 (+0.000)
			After MLP + residual - Memory: 11.354 (+0.286)
		[Block 3] Memory allocated: 11.258
			SwinBlock Start - Memory: 11.258
			After norm1 - Memory: 11.306 (+0.049)
			After view reshape - Memory: 11.306 (+0.000)
			After cyclic shift - Memory: 11.306 (+0.000)
			After window partition - Memory: 11.355 (+0.048)
			After attention - Memory: 11.697 (+0.342)
			After window merge - Memory: 11.745 (+0.048)
			After reverse shift & view - Memory: 11.697 (+-0.048)
			After first residual - Memory: 11.745 (+0.048)
			After MLP + residual - Memory: 12.030 (+0.286)
		[Block 4] Memory allocated: 11.934
			SwinBlock Start - Memory: 11.934
			After norm1 - Memory: 11.983 (+0.049)
			After view reshape - Memory: 11.983 (+0.000)
			After cyclic shift - Memory: 12.031 (+0.048)
			After window partition - Memory: 12.079 (+0.048)
			After attention - Memory: 12.421 (+0.342)
			After window merge - Memory: 12.421 (+0.000)
			After reverse shift & view - Memory: 12.421 (+0.000)
			After first residual - Memory: 12.421 (+0.000)
			After MLP + residual - Memory: 12.707 (+0.286)
		[Block 5] Memory allocated: 12.610
	After residual_group - Memory allocated: 12.610
	After patch_unembed - Memory allocated: 12.610
	After conv - Memory allocated: 12.659
	After patch_embed - Memory allocated: 12.659
	After residual add - Memory allocated: 12.707
[RSTB 3] Memory allocated: 12.659
	Start - Memory allocated: 12.659
			SwinBlock Start - Memory: 12.659
			After norm1 - Memory: 12.707 (+0.049)
			After view reshape - Memory: 12.707 (+0.000)
			After cyclic shift - Memory: 12.707 (+0.000)
			After window partition - Memory: 12.756 (+0.048)
			After attention - Memory: 13.097 (+0.342)
			After window merge - Memory: 13.146 (+0.048)
			After reverse shift & view - Memory: 13.097 (+-0.048)
			After first residual - Memory: 13.146 (+0.048)
			After MLP + residual - Memory: 13.431 (+0.286)
		[Block 0] Memory allocated: 13.335
			SwinBlock Start - Memory: 13.335
			After norm1 - Memory: 13.384 (+0.049)
			After view reshape - Memory: 13.384 (+0.000)
			After cyclic shift - Memory: 13.432 (+0.048)
			After window partition - Memory: 13.480 (+0.048)
			After attention - Memory: 13.822 (+0.342)
			After window merge - Memory: 13.822 (+0.000)
			After reverse shift & view - Memory: 13.822 (+0.000)
			After first residual - Memory: 13.822 (+0.000)
			After MLP + residual - Memory: 14.108 (+0.286)
		[Block 1] Memory allocated: 14.011
			SwinBlock Start - Memory: 14.011
			After norm1 - Memory: 14.060 (+0.049)
			After view reshape - Memory: 14.060 (+0.000)
			After cyclic shift - Memory: 14.060 (+0.000)
			After window partition - Memory: 14.108 (+0.048)
			After attention - Memory: 14.450 (+0.342)
			After window merge - Memory: 14.498 (+0.048)
			After reverse shift & view - Memory: 14.450 (+-0.048)
			After first residual - Memory: 14.498 (+0.048)
			After MLP + residual - Memory: 14.784 (+0.286)
		[Block 2] Memory allocated: 14.688
			SwinBlock Start - Memory: 14.688
			After norm1 - Memory: 14.736 (+0.049)
			After view reshape - Memory: 14.736 (+0.000)
			After cyclic shift - Memory: 14.785 (+0.048)
			After window partition - Memory: 14.833 (+0.048)
			After attention - Memory: 15.175 (+0.342)
			After window merge - Memory: 15.175 (+0.000)
			After reverse shift & view - Memory: 15.175 (+0.000)
			After first residual - Memory: 15.175 (+0.000)
			After MLP + residual - Memory: 15.460 (+0.286)
		[Block 3] Memory allocated: 15.364
			SwinBlock Start - Memory: 15.364
			After norm1 - Memory: 15.413 (+0.049)
			After view reshape - Memory: 15.413 (+0.000)
			After cyclic shift - Memory: 15.413 (+0.000)
			After window partition - Memory: 15.461 (+0.048)
			After attention - Memory: 15.803 (+0.342)
			After window merge - Memory: 15.851 (+0.048)
			After reverse shift & view - Memory: 15.803 (+-0.048)
			After first residual - Memory: 15.851 (+0.048)
			After MLP + residual - Memory: 16.137 (+0.286)
		[Block 4] Memory allocated: 16.040
			SwinBlock Start - Memory: 16.040
			After norm1 - Memory: 16.089 (+0.049)
			After view reshape - Memory: 16.089 (+0.000)
			After cyclic shift - Memory: 16.136 (+0.047)
			After window partition - Memory: 16.184 (+0.048)
			After attention - Memory: 16.521 (+0.337)
			After window merge - Memory: 16.521 (+0.000)
			After reverse shift & view - Memory: 16.520 (+-0.001)
			After first residual - Memory: 16.520 (+0.000)
			After MLP + residual - Memory: 16.805 (+0.285)
		[Block 5] Memory allocated: 16.710
	After residual_group - Memory allocated: 16.710
	After patch_unembed - Memory allocated: 16.710
	After conv - Memory allocated: 16.757
	After patch_embed - Memory allocated: 16.757
	After residual add - Memory allocated: 16.805
[RSTB 4] Memory allocated: 16.757
	Start - Memory allocated: 16.757
			SwinBlock Start - Memory: 16.757
			After norm1 - Memory: 16.805 (+0.048)
			After view reshape - Memory: 16.805 (+0.000)
			After cyclic shift - Memory: 16.805 (+0.000)
			After window partition - Memory: 16.852 (+0.047)
			After attention - Memory: 17.189 (+0.337)
			After window merge - Memory: 17.236 (+0.047)
			After reverse shift & view - Memory: 17.189 (+-0.047)
			After first residual - Memory: 17.236 (+0.047)
			After MLP + residual - Memory: 17.520 (+0.284)
		[Block 0] Memory allocated: 17.425
			SwinBlock Start - Memory: 17.425
			After norm1 - Memory: 17.473 (+0.048)
			After view reshape - Memory: 17.473 (+0.000)
			After cyclic shift - Memory: 17.520 (+0.047)
			After window partition - Memory: 17.567 (+0.047)
			After attention - Memory: 17.904 (+0.337)
			After window merge - Memory: 17.904 (+0.000)
			After reverse shift & view - Memory: 17.904 (+0.000)
			After first residual - Memory: 17.904 (+0.000)
			After MLP + residual - Memory: 18.188 (+0.284)
		[Block 1] Memory allocated: 18.093
			SwinBlock Start - Memory: 18.093
			After norm1 - Memory: 18.141 (+0.048)
			After view reshape - Memory: 18.141 (+0.000)
			After cyclic shift - Memory: 18.141 (+0.000)
			After window partition - Memory: 18.188 (+0.047)
			After attention - Memory: 18.525 (+0.337)
			After window merge - Memory: 18.572 (+0.047)
			After reverse shift & view - Memory: 18.525 (+-0.047)
			After first residual - Memory: 18.572 (+0.047)
			After MLP + residual - Memory: 18.856 (+0.284)
		[Block 2] Memory allocated: 18.761
			SwinBlock Start - Memory: 18.761
			After norm1 - Memory: 18.809 (+0.048)
			After view reshape - Memory: 18.809 (+0.000)
			After cyclic shift - Memory: 18.856 (+0.047)
			After window partition - Memory: 18.903 (+0.047)
			After attention - Memory: 19.240 (+0.337)
			After window merge - Memory: 19.240 (+0.000)
			After reverse shift & view - Memory: 19.240 (+0.000)
			After first residual - Memory: 19.240 (+0.000)
			After MLP + residual - Memory: 19.524 (+0.284)
		[Block 3] Memory allocated: 19.429
			SwinBlock Start - Memory: 19.429
			After norm1 - Memory: 19.477 (+0.048)
			After view reshape - Memory: 19.477 (+0.000)
			After cyclic shift - Memory: 19.477 (+0.000)
			After window partition - Memory: 19.524 (+0.047)
			After attention - Memory: 19.861 (+0.337)
			After window merge - Memory: 19.908 (+0.047)
			After reverse shift & view - Memory: 19.861 (+-0.047)
			After first residual - Memory: 19.908 (+0.047)
			After MLP + residual - Memory: 20.192 (+0.284)
		[Block 4] Memory allocated: 20.097
			SwinBlock Start - Memory: 20.097
			After norm1 - Memory: 20.145 (+0.048)
			After view reshape - Memory: 20.145 (+0.000)
			After cyclic shift - Memory: 20.192 (+0.047)
			After window partition - Memory: 20.239 (+0.047)
			After attention - Memory: 20.576 (+0.337)
			After window merge - Memory: 20.576 (+0.000)
			After reverse shift & view - Memory: 20.576 (+0.000)
			After first residual - Memory: 20.576 (+0.000)
			After MLP + residual - Memory: 20.861 (+0.285)
		[Block 5] Memory allocated: 20.766
	After residual_group - Memory allocated: 20.766
	After patch_unembed - Memory allocated: 20.766
	After conv - Memory allocated: 20.813
	After patch_embed - Memory allocated: 20.813
	After residual add - Memory allocated: 20.861
[RSTB 5] Memory allocated: 20.813
	Start - Memory allocated: 20.813
			SwinBlock Start - Memory: 20.813
			After norm1 - Memory: 20.861 (+0.048)
			After view reshape - Memory: 20.861 (+0.000)
			After cyclic shift - Memory: 20.861 (+0.000)
			After window partition - Memory: 20.909 (+0.048)
			After attention - Memory: 21.248 (+0.339)
			After window merge - Memory: 21.295 (+0.047)
			After reverse shift & view - Memory: 21.248 (+-0.047)
			After first residual - Memory: 21.295 (+0.047)
			After MLP + residual - Memory: 21.581 (+0.286)
		[Block 0] Memory allocated: 21.487
			SwinBlock Start - Memory: 21.487
			After norm1 - Memory: 21.534 (+0.048)
			After view reshape - Memory: 21.534 (+0.000)
			After cyclic shift - Memory: 21.581 (+0.047)
			After window partition - Memory: 21.629 (+0.047)
			After attention - Memory: 21.967 (+0.339)
			After window merge - Memory: 21.967 (+0.000)
			After reverse shift & view - Memory: 21.967 (+0.000)
			After first residual - Memory: 21.967 (+0.000)
			After MLP + residual - Memory: 22.253 (+0.286)
		[Block 1] Memory allocated: 22.158
			SwinBlock Start - Memory: 22.158
			After norm1 - Memory: 22.205 (+0.048)
			After view reshape - Memory: 22.205 (+0.000)
			After cyclic shift - Memory: 22.205 (+0.000)
			After window partition - Memory: 22.254 (+0.048)
			After attention - Memory: 22.592 (+0.339)
			After window merge - Memory: 22.639 (+0.047)
			After reverse shift & view - Memory: 22.592 (+-0.047)
			After first residual - Memory: 22.639 (+0.047)
			After MLP + residual - Memory: 22.925 (+0.286)
		[Block 2] Memory allocated: 22.831
			SwinBlock Start - Memory: 22.831
			After norm1 - Memory: 22.879 (+0.048)
			After view reshape - Memory: 22.879 (+0.000)
			After cyclic shift - Memory: 22.926 (+0.047)
			After window partition - Memory: 22.973 (+0.047)
			After attention - Memory: 23.312 (+0.339)
			After window merge - Memory: 23.312 (+0.000)
			After reverse shift & view - Memory: 23.312 (+0.000)
			After first residual - Memory: 23.312 (+0.000)
			After MLP + residual - Memory: 23.597 (+0.286)
		[Block 3] Memory allocated: 23.502
			SwinBlock Start - Memory: 23.502
			After norm1 - Memory: 23.550 (+0.048)
			After view reshape - Memory: 23.550 (+0.000)
			After cyclic shift - Memory: 23.550 (+0.000)
			After window partition - Memory: 23.598 (+0.048)
			After attention - Memory: 23.937 (+0.339)
			After window merge - Memory: 23.984 (+0.047)
			After reverse shift & view - Memory: 23.937 (+-0.047)
			After first residual - Memory: 23.984 (+0.047)
			After MLP + residual - Memory: 24.269 (+0.286)
		[Block 4] Memory allocated: 24.175
			SwinBlock Start - Memory: 24.175
			After norm1 - Memory: 24.223 (+0.048)
			After view reshape - Memory: 24.223 (+0.000)
			After cyclic shift - Memory: 24.270 (+0.047)
			After window partition - Memory: 24.317 (+0.047)
			After attention - Memory: 24.656 (+0.339)
			After window merge - Memory: 24.656 (+0.000)
			After reverse shift & view - Memory: 24.656 (+0.000)
			After first residual - Memory: 24.656 (+0.000)
			After MLP + residual - Memory: 24.942 (+0.286)
		[Block 5] Memory allocated: 24.846
	After residual_group - Memory allocated: 24.846
	After patch_unembed - Memory allocated: 24.846
	After conv - Memory allocated: 24.893
	After patch_embed - Memory allocated: 24.893
	After residual add - Memory allocated: 24.942
	[Batch 2] Memory allocated, after forward: 25.073 GB
	[Batch 2] Memory allocated, before backward: 25.076 GB
	[Batch 2] Memory allocated, after backward: 0.291 GB
	[Batch 2] Memory allocated, after optimizer: 0.291 GB
Batch index: 2...
	[Batch 3] Memory allocated, before forward: 0.242 GB
[RSTB 0] Memory allocated: 0.340
	Start - Memory allocated: 0.340
			SwinBlock Start - Memory: 0.340
			After norm1 - Memory: 0.389 (+0.049)
			After view reshape - Memory: 0.389 (+0.000)
			After cyclic shift - Memory: 0.389 (+0.000)
			After window partition - Memory: 0.437 (+0.048)
			After attention - Memory: 0.779 (+0.342)
			After window merge - Memory: 0.827 (+0.048)
			After reverse shift & view - Memory: 0.779 (+-0.048)
			After first residual - Memory: 0.827 (+0.048)
			After MLP + residual - Memory: 1.113 (+0.286)
		[Block 0] Memory allocated: 1.016
			SwinBlock Start - Memory: 1.016
			After norm1 - Memory: 1.065 (+0.049)
			After view reshape - Memory: 1.065 (+0.000)
			After cyclic shift - Memory: 1.113 (+0.048)
			After window partition - Memory: 1.161 (+0.048)
			After attention - Memory: 1.503 (+0.342)
			After window merge - Memory: 1.503 (+0.000)
			After reverse shift & view - Memory: 1.503 (+0.000)
			After first residual - Memory: 1.503 (+0.000)
			After MLP + residual - Memory: 1.789 (+0.286)
		[Block 1] Memory allocated: 1.693
			SwinBlock Start - Memory: 1.693
			After norm1 - Memory: 1.741 (+0.049)
			After view reshape - Memory: 1.741 (+0.000)
			After cyclic shift - Memory: 1.741 (+0.000)
			After window partition - Memory: 1.790 (+0.048)
			After attention - Memory: 2.131 (+0.342)
			After window merge - Memory: 2.180 (+0.048)
			After reverse shift & view - Memory: 2.131 (+-0.048)
			After first residual - Memory: 2.180 (+0.048)
			After MLP + residual - Memory: 2.465 (+0.286)
		[Block 2] Memory allocated: 2.369
			SwinBlock Start - Memory: 2.369
			After norm1 - Memory: 2.418 (+0.049)
			After view reshape - Memory: 2.418 (+0.000)
			After cyclic shift - Memory: 2.466 (+0.048)
			After window partition - Memory: 2.514 (+0.048)
			After attention - Memory: 2.856 (+0.342)
			After window merge - Memory: 2.856 (+0.000)
			After reverse shift & view - Memory: 2.856 (+0.000)
			After first residual - Memory: 2.856 (+0.000)
			After MLP + residual - Memory: 3.142 (+0.286)
		[Block 3] Memory allocated: 3.045
			SwinBlock Start - Memory: 3.045
			After norm1 - Memory: 3.094 (+0.049)
			After view reshape - Memory: 3.094 (+0.000)
			After cyclic shift - Memory: 3.094 (+0.000)
			After window partition - Memory: 3.142 (+0.048)
			After attention - Memory: 3.484 (+0.342)
			After window merge - Memory: 3.532 (+0.048)
			After reverse shift & view - Memory: 3.484 (+-0.048)
			After first residual - Memory: 3.532 (+0.048)
			After MLP + residual - Memory: 3.818 (+0.286)
		[Block 4] Memory allocated: 3.722
			SwinBlock Start - Memory: 3.722
			After norm1 - Memory: 3.770 (+0.049)
			After view reshape - Memory: 3.770 (+0.000)
			After cyclic shift - Memory: 3.819 (+0.048)
			After window partition - Memory: 3.867 (+0.048)
			After attention - Memory: 4.209 (+0.342)
			After window merge - Memory: 4.209 (+0.000)
			After reverse shift & view - Memory: 4.209 (+0.000)
			After first residual - Memory: 4.209 (+0.000)
			After MLP + residual - Memory: 4.494 (+0.286)
		[Block 5] Memory allocated: 4.398
	After residual_group - Memory allocated: 4.398
	After patch_unembed - Memory allocated: 4.398
	After conv - Memory allocated: 4.446
	After patch_embed - Memory allocated: 4.446
	After residual add - Memory allocated: 4.494
[RSTB 1] Memory allocated: 4.446
	Start - Memory allocated: 4.446
			SwinBlock Start - Memory: 4.446
			After norm1 - Memory: 4.495 (+0.049)
			After view reshape - Memory: 4.495 (+0.000)
			After cyclic shift - Memory: 4.495 (+0.000)
			After window partition - Memory: 4.543 (+0.048)
			After attention - Memory: 4.885 (+0.342)
			After window merge - Memory: 4.933 (+0.048)
			After reverse shift & view - Memory: 4.885 (+-0.048)
			After first residual - Memory: 4.933 (+0.048)
			After MLP + residual - Memory: 5.219 (+0.286)
		[Block 0] Memory allocated: 5.122
			SwinBlock Start - Memory: 5.122
			After norm1 - Memory: 5.171 (+0.049)
			After view reshape - Memory: 5.171 (+0.000)
			After cyclic shift - Memory: 5.219 (+0.048)
			After window partition - Memory: 5.268 (+0.048)
			After attention - Memory: 5.610 (+0.342)
			After window merge - Memory: 5.610 (+0.000)
			After reverse shift & view - Memory: 5.610 (+0.000)
			After first residual - Memory: 5.610 (+0.000)
			After MLP + residual - Memory: 5.895 (+0.286)
		[Block 1] Memory allocated: 5.799
			SwinBlock Start - Memory: 5.799
			After norm1 - Memory: 5.848 (+0.049)
			After view reshape - Memory: 5.848 (+0.000)
			After cyclic shift - Memory: 5.848 (+0.000)
			After window partition - Memory: 5.896 (+0.048)
			After attention - Memory: 6.238 (+0.342)
			After window merge - Memory: 6.286 (+0.048)
			After reverse shift & view - Memory: 6.238 (+-0.048)
			After first residual - Memory: 6.286 (+0.048)
			After MLP + residual - Memory: 6.572 (+0.286)
		[Block 2] Memory allocated: 6.475
			SwinBlock Start - Memory: 6.475
			After norm1 - Memory: 6.524 (+0.049)
			After view reshape - Memory: 6.524 (+0.000)
			After cyclic shift - Memory: 6.572 (+0.048)
			After window partition - Memory: 6.620 (+0.048)
			After attention - Memory: 6.962 (+0.342)
			After window merge - Memory: 6.962 (+0.000)
			After reverse shift & view - Memory: 6.962 (+0.000)
			After first residual - Memory: 6.962 (+0.000)
			After MLP + residual - Memory: 7.248 (+0.286)
		[Block 3] Memory allocated: 7.151
			SwinBlock Start - Memory: 7.151
			After norm1 - Memory: 7.200 (+0.049)
			After view reshape - Memory: 7.200 (+0.000)
			After cyclic shift - Memory: 7.200 (+0.000)
			After window partition - Memory: 7.248 (+0.048)
			After attention - Memory: 7.590 (+0.342)
			After window merge - Memory: 7.639 (+0.048)
			After reverse shift & view - Memory: 7.590 (+-0.048)
			After first residual - Memory: 7.639 (+0.048)
			After MLP + residual - Memory: 7.924 (+0.286)
		[Block 4] Memory allocated: 7.828
			SwinBlock Start - Memory: 7.828
			After norm1 - Memory: 7.877 (+0.049)
			After view reshape - Memory: 7.877 (+0.000)
			After cyclic shift - Memory: 7.925 (+0.048)
			After window partition - Memory: 7.973 (+0.048)
			After attention - Memory: 8.315 (+0.342)
			After window merge - Memory: 8.315 (+0.000)
			After reverse shift & view - Memory: 8.315 (+0.000)
			After first residual - Memory: 8.315 (+0.000)
			After MLP + residual - Memory: 8.601 (+0.286)
		[Block 5] Memory allocated: 8.504
	After residual_group - Memory allocated: 8.504
	After patch_unembed - Memory allocated: 8.504
	After conv - Memory allocated: 8.552
	After patch_embed - Memory allocated: 8.552
	After residual add - Memory allocated: 8.601
[RSTB 2] Memory allocated: 8.552
	Start - Memory allocated: 8.552
			SwinBlock Start - Memory: 8.552
			After norm1 - Memory: 8.601 (+0.049)
			After view reshape - Memory: 8.601 (+0.000)
			After cyclic shift - Memory: 8.601 (+0.000)
			After window partition - Memory: 8.649 (+0.048)
			After attention - Memory: 8.991 (+0.342)
			After window merge - Memory: 9.039 (+0.048)
			After reverse shift & view - Memory: 8.991 (+-0.048)
			After first residual - Memory: 9.039 (+0.048)
			After MLP + residual - Memory: 9.325 (+0.286)
		[Block 0] Memory allocated: 9.229
			SwinBlock Start - Memory: 9.229
			After norm1 - Memory: 9.277 (+0.049)
			After view reshape - Memory: 9.277 (+0.000)
			After cyclic shift - Memory: 9.326 (+0.048)
			After window partition - Memory: 9.374 (+0.048)
			After attention - Memory: 9.716 (+0.342)
			After window merge - Memory: 9.716 (+0.000)
			After reverse shift & view - Memory: 9.716 (+0.000)
			After first residual - Memory: 9.716 (+0.000)
			After MLP + residual - Memory: 10.001 (+0.286)
		[Block 1] Memory allocated: 9.905
			SwinBlock Start - Memory: 9.905
			After norm1 - Memory: 9.954 (+0.049)
			After view reshape - Memory: 9.954 (+0.000)
			After cyclic shift - Memory: 9.954 (+0.000)
			After window partition - Memory: 10.002 (+0.048)
			After attention - Memory: 10.344 (+0.342)
			After window merge - Memory: 10.392 (+0.048)
			After reverse shift & view - Memory: 10.344 (+-0.048)
			After first residual - Memory: 10.392 (+0.048)
			After MLP + residual - Memory: 10.678 (+0.286)
		[Block 2] Memory allocated: 10.581
			SwinBlock Start - Memory: 10.581
			After norm1 - Memory: 10.630 (+0.049)
			After view reshape - Memory: 10.630 (+0.000)
			After cyclic shift - Memory: 10.678 (+0.048)
			After window partition - Memory: 10.727 (+0.048)
			After attention - Memory: 11.068 (+0.342)
			After window merge - Memory: 11.068 (+0.000)
			After reverse shift & view - Memory: 11.068 (+0.000)
			After first residual - Memory: 11.068 (+0.000)
			After MLP + residual - Memory: 11.354 (+0.286)
		[Block 3] Memory allocated: 11.258
			SwinBlock Start - Memory: 11.258
			After norm1 - Memory: 11.306 (+0.049)
			After view reshape - Memory: 11.306 (+0.000)
			After cyclic shift - Memory: 11.306 (+0.000)
			After window partition - Memory: 11.355 (+0.048)
			After attention - Memory: 11.697 (+0.342)
			After window merge - Memory: 11.745 (+0.048)
			After reverse shift & view - Memory: 11.697 (+-0.048)
			After first residual - Memory: 11.745 (+0.048)
			After MLP + residual - Memory: 12.030 (+0.286)
		[Block 4] Memory allocated: 11.934
			SwinBlock Start - Memory: 11.934
			After norm1 - Memory: 11.983 (+0.049)
			After view reshape - Memory: 11.983 (+0.000)
			After cyclic shift - Memory: 12.031 (+0.048)
			After window partition - Memory: 12.079 (+0.048)
			After attention - Memory: 12.421 (+0.342)
			After window merge - Memory: 12.421 (+0.000)
			After reverse shift & view - Memory: 12.421 (+0.000)
			After first residual - Memory: 12.421 (+0.000)
			After MLP + residual - Memory: 12.707 (+0.286)
		[Block 5] Memory allocated: 12.610
	After residual_group - Memory allocated: 12.610
	After patch_unembed - Memory allocated: 12.610
	After conv - Memory allocated: 12.659
	After patch_embed - Memory allocated: 12.659
	After residual add - Memory allocated: 12.707
[RSTB 3] Memory allocated: 12.659
	Start - Memory allocated: 12.659
			SwinBlock Start - Memory: 12.659
			After norm1 - Memory: 12.707 (+0.049)
			After view reshape - Memory: 12.707 (+0.000)
			After cyclic shift - Memory: 12.707 (+0.000)
			After window partition - Memory: 12.756 (+0.048)
			After attention - Memory: 13.097 (+0.342)
			After window merge - Memory: 13.146 (+0.048)
			After reverse shift & view - Memory: 13.097 (+-0.048)
			After first residual - Memory: 13.146 (+0.048)
			After MLP + residual - Memory: 13.431 (+0.286)
		[Block 0] Memory allocated: 13.335
			SwinBlock Start - Memory: 13.335
			After norm1 - Memory: 13.384 (+0.049)
			After view reshape - Memory: 13.384 (+0.000)
			After cyclic shift - Memory: 13.432 (+0.048)
			After window partition - Memory: 13.480 (+0.048)
			After attention - Memory: 13.822 (+0.342)
			After window merge - Memory: 13.822 (+0.000)
			After reverse shift & view - Memory: 13.822 (+0.000)
			After first residual - Memory: 13.822 (+0.000)
			After MLP + residual - Memory: 14.108 (+0.286)
		[Block 1] Memory allocated: 14.011
			SwinBlock Start - Memory: 14.011
			After norm1 - Memory: 14.060 (+0.049)
			After view reshape - Memory: 14.060 (+0.000)
			After cyclic shift - Memory: 14.060 (+0.000)
			After window partition - Memory: 14.108 (+0.048)
			After attention - Memory: 14.450 (+0.342)
			After window merge - Memory: 14.498 (+0.048)
			After reverse shift & view - Memory: 14.450 (+-0.048)
			After first residual - Memory: 14.498 (+0.048)
			After MLP + residual - Memory: 14.784 (+0.286)
		[Block 2] Memory allocated: 14.688
			SwinBlock Start - Memory: 14.688
			After norm1 - Memory: 14.736 (+0.049)
			After view reshape - Memory: 14.736 (+0.000)
			After cyclic shift - Memory: 14.785 (+0.048)
			After window partition - Memory: 14.833 (+0.048)
			After attention - Memory: 15.175 (+0.342)
			After window merge - Memory: 15.175 (+0.000)
			After reverse shift & view - Memory: 15.175 (+0.000)
			After first residual - Memory: 15.175 (+0.000)
			After MLP + residual - Memory: 15.460 (+0.286)
		[Block 3] Memory allocated: 15.364
			SwinBlock Start - Memory: 15.364
			After norm1 - Memory: 15.413 (+0.049)
			After view reshape - Memory: 15.413 (+0.000)
			After cyclic shift - Memory: 15.413 (+0.000)
			After window partition - Memory: 15.461 (+0.048)
			After attention - Memory: 15.803 (+0.342)
			After window merge - Memory: 15.851 (+0.048)
			After reverse shift & view - Memory: 15.803 (+-0.048)
			After first residual - Memory: 15.851 (+0.048)
			After MLP + residual - Memory: 16.137 (+0.286)
		[Block 4] Memory allocated: 16.040
			SwinBlock Start - Memory: 16.040
			After norm1 - Memory: 16.089 (+0.049)
			After view reshape - Memory: 16.089 (+0.000)
			After cyclic shift - Memory: 16.136 (+0.047)
			After window partition - Memory: 16.184 (+0.048)
			After attention - Memory: 16.521 (+0.337)
			After window merge - Memory: 16.521 (+0.000)
			After reverse shift & view - Memory: 16.520 (+-0.001)
			After first residual - Memory: 16.520 (+0.000)
			After MLP + residual - Memory: 16.805 (+0.285)
		[Block 5] Memory allocated: 16.710
	After residual_group - Memory allocated: 16.710
	After patch_unembed - Memory allocated: 16.710
	After conv - Memory allocated: 16.757
	After patch_embed - Memory allocated: 16.757
	After residual add - Memory allocated: 16.805
[RSTB 4] Memory allocated: 16.757
	Start - Memory allocated: 16.757
			SwinBlock Start - Memory: 16.757
			After norm1 - Memory: 16.805 (+0.048)
			After view reshape - Memory: 16.805 (+0.000)
			After cyclic shift - Memory: 16.805 (+0.000)
			After window partition - Memory: 16.852 (+0.047)
			After attention - Memory: 17.189 (+0.337)
			After window merge - Memory: 17.236 (+0.047)
			After reverse shift & view - Memory: 17.189 (+-0.047)
			After first residual - Memory: 17.236 (+0.047)
			After MLP + residual - Memory: 17.520 (+0.284)
		[Block 0] Memory allocated: 17.425
			SwinBlock Start - Memory: 17.425
			After norm1 - Memory: 17.473 (+0.048)
			After view reshape - Memory: 17.473 (+0.000)
			After cyclic shift - Memory: 17.520 (+0.047)
			After window partition - Memory: 17.567 (+0.047)
			After attention - Memory: 17.904 (+0.337)
			After window merge - Memory: 17.904 (+0.000)
			After reverse shift & view - Memory: 17.904 (+0.000)
			After first residual - Memory: 17.904 (+0.000)
			After MLP + residual - Memory: 18.188 (+0.284)
		[Block 1] Memory allocated: 18.093
			SwinBlock Start - Memory: 18.093
			After norm1 - Memory: 18.141 (+0.048)
			After view reshape - Memory: 18.141 (+0.000)
			After cyclic shift - Memory: 18.141 (+0.000)
			After window partition - Memory: 18.188 (+0.047)
			After attention - Memory: 18.525 (+0.337)
			After window merge - Memory: 18.572 (+0.047)
			After reverse shift & view - Memory: 18.525 (+-0.047)
			After first residual - Memory: 18.572 (+0.047)
			After MLP + residual - Memory: 18.856 (+0.284)
		[Block 2] Memory allocated: 18.761
			SwinBlock Start - Memory: 18.761
			After norm1 - Memory: 18.809 (+0.048)
			After view reshape - Memory: 18.809 (+0.000)
			After cyclic shift - Memory: 18.856 (+0.047)
			After window partition - Memory: 18.903 (+0.047)
			After attention - Memory: 19.240 (+0.337)
			After window merge - Memory: 19.240 (+0.000)
			After reverse shift & view - Memory: 19.240 (+0.000)
			After first residual - Memory: 19.240 (+0.000)
			After MLP + residual - Memory: 19.524 (+0.284)
		[Block 3] Memory allocated: 19.429
			SwinBlock Start - Memory: 19.429
			After norm1 - Memory: 19.477 (+0.048)
			After view reshape - Memory: 19.477 (+0.000)
			After cyclic shift - Memory: 19.477 (+0.000)
			After window partition - Memory: 19.524 (+0.047)
			After attention - Memory: 19.861 (+0.337)
			After window merge - Memory: 19.908 (+0.047)
			After reverse shift & view - Memory: 19.861 (+-0.047)
			After first residual - Memory: 19.908 (+0.047)
			After MLP + residual - Memory: 20.192 (+0.284)
		[Block 4] Memory allocated: 20.097
			SwinBlock Start - Memory: 20.097
			After norm1 - Memory: 20.145 (+0.048)
			After view reshape - Memory: 20.145 (+0.000)
			After cyclic shift - Memory: 20.192 (+0.047)
			After window partition - Memory: 20.239 (+0.047)
			After attention - Memory: 20.576 (+0.337)
			After window merge - Memory: 20.576 (+0.000)
			After reverse shift & view - Memory: 20.576 (+0.000)
			After first residual - Memory: 20.576 (+0.000)
			After MLP + residual - Memory: 20.861 (+0.285)
		[Block 5] Memory allocated: 20.766
	After residual_group - Memory allocated: 20.766
	After patch_unembed - Memory allocated: 20.766
	After conv - Memory allocated: 20.813
	After patch_embed - Memory allocated: 20.813
	After residual add - Memory allocated: 20.861
[RSTB 5] Memory allocated: 20.813
	Start - Memory allocated: 20.813
			SwinBlock Start - Memory: 20.813
			After norm1 - Memory: 20.861 (+0.048)
			After view reshape - Memory: 20.861 (+0.000)
			After cyclic shift - Memory: 20.861 (+0.000)
			After window partition - Memory: 20.909 (+0.048)
			After attention - Memory: 21.248 (+0.339)
			After window merge - Memory: 21.295 (+0.047)
			After reverse shift & view - Memory: 21.248 (+-0.047)
			After first residual - Memory: 21.295 (+0.047)
			After MLP + residual - Memory: 21.581 (+0.286)
		[Block 0] Memory allocated: 21.487
			SwinBlock Start - Memory: 21.487
			After norm1 - Memory: 21.534 (+0.048)
			After view reshape - Memory: 21.534 (+0.000)
			After cyclic shift - Memory: 21.581 (+0.047)
			After window partition - Memory: 21.629 (+0.047)
			After attention - Memory: 21.967 (+0.339)
			After window merge - Memory: 21.967 (+0.000)
			After reverse shift & view - Memory: 21.967 (+0.000)
			After first residual - Memory: 21.967 (+0.000)
			After MLP + residual - Memory: 22.253 (+0.286)
		[Block 1] Memory allocated: 22.158
			SwinBlock Start - Memory: 22.158
			After norm1 - Memory: 22.205 (+0.048)
			After view reshape - Memory: 22.205 (+0.000)
			After cyclic shift - Memory: 22.205 (+0.000)
			After window partition - Memory: 22.254 (+0.048)
			After attention - Memory: 22.592 (+0.339)
			After window merge - Memory: 22.639 (+0.047)
			After reverse shift & view - Memory: 22.592 (+-0.047)
			After first residual - Memory: 22.639 (+0.047)
			After MLP + residual - Memory: 22.925 (+0.286)
		[Block 2] Memory allocated: 22.831
			SwinBlock Start - Memory: 22.831
			After norm1 - Memory: 22.879 (+0.048)
			After view reshape - Memory: 22.879 (+0.000)
			After cyclic shift - Memory: 22.926 (+0.047)
			After window partition - Memory: 22.973 (+0.047)
			After attention - Memory: 23.312 (+0.339)
			After window merge - Memory: 23.312 (+0.000)
			After reverse shift & view - Memory: 23.312 (+0.000)
			After first residual - Memory: 23.312 (+0.000)
			After MLP + residual - Memory: 23.597 (+0.286)
		[Block 3] Memory allocated: 23.502
			SwinBlock Start - Memory: 23.502
			After norm1 - Memory: 23.550 (+0.048)
			After view reshape - Memory: 23.550 (+0.000)
			After cyclic shift - Memory: 23.550 (+0.000)
			After window partition - Memory: 23.598 (+0.048)
			After attention - Memory: 23.937 (+0.339)
			After window merge - Memory: 23.984 (+0.047)
			After reverse shift & view - Memory: 23.937 (+-0.047)
			After first residual - Memory: 23.984 (+0.047)
			After MLP + residual - Memory: 24.269 (+0.286)
		[Block 4] Memory allocated: 24.175
			SwinBlock Start - Memory: 24.175
			After norm1 - Memory: 24.223 (+0.048)
			After view reshape - Memory: 24.223 (+0.000)
			After cyclic shift - Memory: 24.270 (+0.047)
			After window partition - Memory: 24.317 (+0.047)
			After attention - Memory: 24.656 (+0.339)
			After window merge - Memory: 24.656 (+0.000)
			After reverse shift & view - Memory: 24.656 (+0.000)
			After first residual - Memory: 24.656 (+0.000)
			After MLP + residual - Memory: 24.942 (+0.286)
		[Block 5] Memory allocated: 24.846
	After residual_group - Memory allocated: 24.846
	After patch_unembed - Memory allocated: 24.846
	After conv - Memory allocated: 24.893
	After patch_embed - Memory allocated: 24.893
	After residual add - Memory allocated: 24.942
	[Batch 3] Memory allocated, after forward: 25.073 GB
	[Batch 3] Memory allocated, before backward: 25.076 GB
	[Batch 3] Memory allocated, after backward: 0.291 GB
	[Batch 3] Memory allocated, after optimizer: 0.291 GB
Batch index: 3...
	[Batch 4] Memory allocated, before forward: 0.242 GB
[RSTB 0] Memory allocated: 0.340
	Start - Memory allocated: 0.340
			SwinBlock Start - Memory: 0.340
			After norm1 - Memory: 0.389 (+0.049)
			After view reshape - Memory: 0.389 (+0.000)
			After cyclic shift - Memory: 0.389 (+0.000)
			After window partition - Memory: 0.437 (+0.048)
			After attention - Memory: 0.779 (+0.342)
			After window merge - Memory: 0.827 (+0.048)
			After reverse shift & view - Memory: 0.779 (+-0.048)
			After first residual - Memory: 0.827 (+0.048)
			After MLP + residual - Memory: 1.113 (+0.286)
		[Block 0] Memory allocated: 1.016
			SwinBlock Start - Memory: 1.016
			After norm1 - Memory: 1.065 (+0.049)
			After view reshape - Memory: 1.065 (+0.000)
			After cyclic shift - Memory: 1.113 (+0.048)
			After window partition - Memory: 1.161 (+0.048)
			After attention - Memory: 1.503 (+0.342)
			After window merge - Memory: 1.503 (+0.000)
			After reverse shift & view - Memory: 1.503 (+0.000)
			After first residual - Memory: 1.503 (+0.000)
			After MLP + residual - Memory: 1.789 (+0.286)
		[Block 1] Memory allocated: 1.693
			SwinBlock Start - Memory: 1.693
			After norm1 - Memory: 1.741 (+0.049)
			After view reshape - Memory: 1.741 (+0.000)
			After cyclic shift - Memory: 1.741 (+0.000)
			After window partition - Memory: 1.790 (+0.048)
			After attention - Memory: 2.131 (+0.342)
			After window merge - Memory: 2.180 (+0.048)
			After reverse shift & view - Memory: 2.131 (+-0.048)
			After first residual - Memory: 2.180 (+0.048)
			After MLP + residual - Memory: 2.465 (+0.286)
		[Block 2] Memory allocated: 2.369
			SwinBlock Start - Memory: 2.369
			After norm1 - Memory: 2.418 (+0.049)
			After view reshape - Memory: 2.418 (+0.000)
			After cyclic shift - Memory: 2.466 (+0.048)
			After window partition - Memory: 2.514 (+0.048)
			After attention - Memory: 2.856 (+0.342)
			After window merge - Memory: 2.856 (+0.000)
			After reverse shift & view - Memory: 2.856 (+0.000)
			After first residual - Memory: 2.856 (+0.000)
			After MLP + residual - Memory: 3.142 (+0.286)
		[Block 3] Memory allocated: 3.045
			SwinBlock Start - Memory: 3.045
			After norm1 - Memory: 3.094 (+0.049)
			After view reshape - Memory: 3.094 (+0.000)
			After cyclic shift - Memory: 3.094 (+0.000)
			After window partition - Memory: 3.142 (+0.048)
			After attention - Memory: 3.484 (+0.342)
			After window merge - Memory: 3.532 (+0.048)
			After reverse shift & view - Memory: 3.484 (+-0.048)
			After first residual - Memory: 3.532 (+0.048)
			After MLP + residual - Memory: 3.818 (+0.286)
		[Block 4] Memory allocated: 3.722
			SwinBlock Start - Memory: 3.722
			After norm1 - Memory: 3.770 (+0.049)
			After view reshape - Memory: 3.770 (+0.000)
			After cyclic shift - Memory: 3.819 (+0.048)
			After window partition - Memory: 3.867 (+0.048)
			After attention - Memory: 4.209 (+0.342)
			After window merge - Memory: 4.209 (+0.000)
			After reverse shift & view - Memory: 4.209 (+0.000)
			After first residual - Memory: 4.209 (+0.000)
			After MLP + residual - Memory: 4.494 (+0.286)
		[Block 5] Memory allocated: 4.398
	After residual_group - Memory allocated: 4.398
	After patch_unembed - Memory allocated: 4.398
	After conv - Memory allocated: 4.446
	After patch_embed - Memory allocated: 4.446
	After residual add - Memory allocated: 4.494
[RSTB 1] Memory allocated: 4.446
	Start - Memory allocated: 4.446
			SwinBlock Start - Memory: 4.446
			After norm1 - Memory: 4.495 (+0.049)
			After view reshape - Memory: 4.495 (+0.000)
			After cyclic shift - Memory: 4.495 (+0.000)
			After window partition - Memory: 4.543 (+0.048)
			After attention - Memory: 4.885 (+0.342)
			After window merge - Memory: 4.933 (+0.048)
			After reverse shift & view - Memory: 4.885 (+-0.048)
			After first residual - Memory: 4.933 (+0.048)
			After MLP + residual - Memory: 5.219 (+0.286)
		[Block 0] Memory allocated: 5.122
			SwinBlock Start - Memory: 5.122
			After norm1 - Memory: 5.171 (+0.049)
			After view reshape - Memory: 5.171 (+0.000)
			After cyclic shift - Memory: 5.219 (+0.048)
			After window partition - Memory: 5.268 (+0.048)
			After attention - Memory: 5.610 (+0.342)
			After window merge - Memory: 5.610 (+0.000)
			After reverse shift & view - Memory: 5.610 (+0.000)
			After first residual - Memory: 5.610 (+0.000)
			After MLP + residual - Memory: 5.895 (+0.286)
		[Block 1] Memory allocated: 5.799
			SwinBlock Start - Memory: 5.799
			After norm1 - Memory: 5.848 (+0.049)
			After view reshape - Memory: 5.848 (+0.000)
			After cyclic shift - Memory: 5.848 (+0.000)
			After window partition - Memory: 5.896 (+0.048)
			After attention - Memory: 6.238 (+0.342)
			After window merge - Memory: 6.286 (+0.048)
			After reverse shift & view - Memory: 6.238 (+-0.048)
			After first residual - Memory: 6.286 (+0.048)
			After MLP + residual - Memory: 6.572 (+0.286)
		[Block 2] Memory allocated: 6.475
			SwinBlock Start - Memory: 6.475
			After norm1 - Memory: 6.524 (+0.049)
			After view reshape - Memory: 6.524 (+0.000)
			After cyclic shift - Memory: 6.572 (+0.048)
			After window partition - Memory: 6.620 (+0.048)
			After attention - Memory: 6.962 (+0.342)
			After window merge - Memory: 6.962 (+0.000)
			After reverse shift & view - Memory: 6.962 (+0.000)
			After first residual - Memory: 6.962 (+0.000)
			After MLP + residual - Memory: 7.248 (+0.286)
		[Block 3] Memory allocated: 7.151
			SwinBlock Start - Memory: 7.151
			After norm1 - Memory: 7.200 (+0.049)
			After view reshape - Memory: 7.200 (+0.000)
			After cyclic shift - Memory: 7.200 (+0.000)
			After window partition - Memory: 7.248 (+0.048)
			After attention - Memory: 7.590 (+0.342)
			After window merge - Memory: 7.639 (+0.048)
			After reverse shift & view - Memory: 7.590 (+-0.048)
			After first residual - Memory: 7.639 (+0.048)
			After MLP + residual - Memory: 7.924 (+0.286)
		[Block 4] Memory allocated: 7.828
			SwinBlock Start - Memory: 7.828
			After norm1 - Memory: 7.877 (+0.049)
			After view reshape - Memory: 7.877 (+0.000)
			After cyclic shift - Memory: 7.925 (+0.048)
			After window partition - Memory: 7.973 (+0.048)
			After attention - Memory: 8.315 (+0.342)
			After window merge - Memory: 8.315 (+0.000)
			After reverse shift & view - Memory: 8.315 (+0.000)
			After first residual - Memory: 8.315 (+0.000)
			After MLP + residual - Memory: 8.601 (+0.286)
		[Block 5] Memory allocated: 8.504
	After residual_group - Memory allocated: 8.504
	After patch_unembed - Memory allocated: 8.504
	After conv - Memory allocated: 8.552
	After patch_embed - Memory allocated: 8.552
	After residual add - Memory allocated: 8.601
[RSTB 2] Memory allocated: 8.552
	Start - Memory allocated: 8.552
			SwinBlock Start - Memory: 8.552
			After norm1 - Memory: 8.601 (+0.049)
			After view reshape - Memory: 8.601 (+0.000)
			After cyclic shift - Memory: 8.601 (+0.000)
			After window partition - Memory: 8.649 (+0.048)
			After attention - Memory: 8.991 (+0.342)
			After window merge - Memory: 9.039 (+0.048)
			After reverse shift & view - Memory: 8.991 (+-0.048)
			After first residual - Memory: 9.039 (+0.048)
			After MLP + residual - Memory: 9.325 (+0.286)
		[Block 0] Memory allocated: 9.229
			SwinBlock Start - Memory: 9.229
			After norm1 - Memory: 9.277 (+0.049)
			After view reshape - Memory: 9.277 (+0.000)
			After cyclic shift - Memory: 9.326 (+0.048)
			After window partition - Memory: 9.374 (+0.048)
			After attention - Memory: 9.716 (+0.342)
			After window merge - Memory: 9.716 (+0.000)
			After reverse shift & view - Memory: 9.716 (+0.000)
			After first residual - Memory: 9.716 (+0.000)
			After MLP + residual - Memory: 10.001 (+0.286)
		[Block 1] Memory allocated: 9.905
			SwinBlock Start - Memory: 9.905
			After norm1 - Memory: 9.954 (+0.049)
			After view reshape - Memory: 9.954 (+0.000)
			After cyclic shift - Memory: 9.954 (+0.000)
			After window partition - Memory: 10.002 (+0.048)
			After attention - Memory: 10.344 (+0.342)
			After window merge - Memory: 10.392 (+0.048)
			After reverse shift & view - Memory: 10.344 (+-0.048)
			After first residual - Memory: 10.392 (+0.048)
			After MLP + residual - Memory: 10.678 (+0.286)
		[Block 2] Memory allocated: 10.581
			SwinBlock Start - Memory: 10.581
			After norm1 - Memory: 10.630 (+0.049)
			After view reshape - Memory: 10.630 (+0.000)
			After cyclic shift - Memory: 10.678 (+0.048)
			After window partition - Memory: 10.727 (+0.048)
			After attention - Memory: 11.068 (+0.342)
			After window merge - Memory: 11.068 (+0.000)
			After reverse shift & view - Memory: 11.068 (+0.000)
			After first residual - Memory: 11.068 (+0.000)
			After MLP + residual - Memory: 11.354 (+0.286)
		[Block 3] Memory allocated: 11.258
			SwinBlock Start - Memory: 11.258
			After norm1 - Memory: 11.306 (+0.049)
			After view reshape - Memory: 11.306 (+0.000)
			After cyclic shift - Memory: 11.306 (+0.000)
			After window partition - Memory: 11.355 (+0.048)
			After attention - Memory: 11.697 (+0.342)
			After window merge - Memory: 11.745 (+0.048)
			After reverse shift & view - Memory: 11.697 (+-0.048)
			After first residual - Memory: 11.745 (+0.048)
			After MLP + residual - Memory: 12.030 (+0.286)
		[Block 4] Memory allocated: 11.934
			SwinBlock Start - Memory: 11.934
			After norm1 - Memory: 11.983 (+0.049)
			After view reshape - Memory: 11.983 (+0.000)
			After cyclic shift - Memory: 12.031 (+0.048)
			After window partition - Memory: 12.079 (+0.048)
			After attention - Memory: 12.421 (+0.342)
			After window merge - Memory: 12.421 (+0.000)
			After reverse shift & view - Memory: 12.421 (+0.000)
			After first residual - Memory: 12.421 (+0.000)
			After MLP + residual - Memory: 12.707 (+0.286)
		[Block 5] Memory allocated: 12.610
	After residual_group - Memory allocated: 12.610
	After patch_unembed - Memory allocated: 12.610
	After conv - Memory allocated: 12.659
	After patch_embed - Memory allocated: 12.659
	After residual add - Memory allocated: 12.707
[RSTB 3] Memory allocated: 12.659
	Start - Memory allocated: 12.659
			SwinBlock Start - Memory: 12.659
			After norm1 - Memory: 12.707 (+0.049)
			After view reshape - Memory: 12.707 (+0.000)
			After cyclic shift - Memory: 12.707 (+0.000)
			After window partition - Memory: 12.756 (+0.048)
			After attention - Memory: 13.097 (+0.342)
			After window merge - Memory: 13.146 (+0.048)
			After reverse shift & view - Memory: 13.097 (+-0.048)
			After first residual - Memory: 13.146 (+0.048)
			After MLP + residual - Memory: 13.431 (+0.286)
		[Block 0] Memory allocated: 13.335
			SwinBlock Start - Memory: 13.335
			After norm1 - Memory: 13.384 (+0.049)
			After view reshape - Memory: 13.384 (+0.000)
			After cyclic shift - Memory: 13.432 (+0.048)
			After window partition - Memory: 13.480 (+0.048)
			After attention - Memory: 13.822 (+0.342)
			After window merge - Memory: 13.822 (+0.000)
			After reverse shift & view - Memory: 13.822 (+0.000)
			After first residual - Memory: 13.822 (+0.000)
			After MLP + residual - Memory: 14.108 (+0.286)
		[Block 1] Memory allocated: 14.011
			SwinBlock Start - Memory: 14.011
			After norm1 - Memory: 14.060 (+0.049)
			After view reshape - Memory: 14.060 (+0.000)
			After cyclic shift - Memory: 14.060 (+0.000)
			After window partition - Memory: 14.108 (+0.048)
			After attention - Memory: 14.450 (+0.342)
			After window merge - Memory: 14.498 (+0.048)
			After reverse shift & view - Memory: 14.450 (+-0.048)
			After first residual - Memory: 14.498 (+0.048)
			After MLP + residual - Memory: 14.784 (+0.286)
		[Block 2] Memory allocated: 14.688
			SwinBlock Start - Memory: 14.688
			After norm1 - Memory: 14.736 (+0.049)
			After view reshape - Memory: 14.736 (+0.000)
			After cyclic shift - Memory: 14.785 (+0.048)
			After window partition - Memory: 14.833 (+0.048)
			After attention - Memory: 15.175 (+0.342)
			After window merge - Memory: 15.175 (+0.000)
			After reverse shift & view - Memory: 15.175 (+0.000)
			After first residual - Memory: 15.175 (+0.000)
			After MLP + residual - Memory: 15.460 (+0.286)
		[Block 3] Memory allocated: 15.364
			SwinBlock Start - Memory: 15.364
			After norm1 - Memory: 15.413 (+0.049)
			After view reshape - Memory: 15.413 (+0.000)
			After cyclic shift - Memory: 15.413 (+0.000)
			After window partition - Memory: 15.461 (+0.048)
			After attention - Memory: 15.803 (+0.342)
			After window merge - Memory: 15.851 (+0.048)
			After reverse shift & view - Memory: 15.803 (+-0.048)
			After first residual - Memory: 15.851 (+0.048)
			After MLP + residual - Memory: 16.137 (+0.286)
		[Block 4] Memory allocated: 16.040
			SwinBlock Start - Memory: 16.040
			After norm1 - Memory: 16.089 (+0.049)
			After view reshape - Memory: 16.089 (+0.000)
			After cyclic shift - Memory: 16.136 (+0.047)
			After window partition - Memory: 16.184 (+0.048)
			After attention - Memory: 16.521 (+0.337)
			After window merge - Memory: 16.521 (+0.000)
			After reverse shift & view - Memory: 16.520 (+-0.001)
			After first residual - Memory: 16.520 (+0.000)
			After MLP + residual - Memory: 16.805 (+0.285)
		[Block 5] Memory allocated: 16.710
	After residual_group - Memory allocated: 16.710
	After patch_unembed - Memory allocated: 16.710
	After conv - Memory allocated: 16.757
	After patch_embed - Memory allocated: 16.757
	After residual add - Memory allocated: 16.805
[RSTB 4] Memory allocated: 16.757
	Start - Memory allocated: 16.757
			SwinBlock Start - Memory: 16.757
			After norm1 - Memory: 16.805 (+0.048)
			After view reshape - Memory: 16.805 (+0.000)
			After cyclic shift - Memory: 16.805 (+0.000)
			After window partition - Memory: 16.852 (+0.047)
			After attention - Memory: 17.189 (+0.337)
			After window merge - Memory: 17.236 (+0.047)
			After reverse shift & view - Memory: 17.189 (+-0.047)
			After first residual - Memory: 17.236 (+0.047)
			After MLP + residual - Memory: 17.520 (+0.284)
		[Block 0] Memory allocated: 17.425
			SwinBlock Start - Memory: 17.425
			After norm1 - Memory: 17.473 (+0.048)
			After view reshape - Memory: 17.473 (+0.000)
			After cyclic shift - Memory: 17.520 (+0.047)
			After window partition - Memory: 17.567 (+0.047)
			After attention - Memory: 17.904 (+0.337)
			After window merge - Memory: 17.904 (+0.000)
			After reverse shift & view - Memory: 17.904 (+0.000)
			After first residual - Memory: 17.904 (+0.000)
			After MLP + residual - Memory: 18.188 (+0.284)
		[Block 1] Memory allocated: 18.093
			SwinBlock Start - Memory: 18.093
			After norm1 - Memory: 18.141 (+0.048)
			After view reshape - Memory: 18.141 (+0.000)
			After cyclic shift - Memory: 18.141 (+0.000)
			After window partition - Memory: 18.188 (+0.047)
			After attention - Memory: 18.525 (+0.337)
			After window merge - Memory: 18.572 (+0.047)
			After reverse shift & view - Memory: 18.525 (+-0.047)
			After first residual - Memory: 18.572 (+0.047)
			After MLP + residual - Memory: 18.856 (+0.284)
		[Block 2] Memory allocated: 18.761
			SwinBlock Start - Memory: 18.761
			After norm1 - Memory: 18.809 (+0.048)
			After view reshape - Memory: 18.809 (+0.000)
			After cyclic shift - Memory: 18.856 (+0.047)
			After window partition - Memory: 18.903 (+0.047)
			After attention - Memory: 19.240 (+0.337)
			After window merge - Memory: 19.240 (+0.000)
			After reverse shift & view - Memory: 19.240 (+0.000)
			After first residual - Memory: 19.240 (+0.000)
			After MLP + residual - Memory: 19.524 (+0.284)
		[Block 3] Memory allocated: 19.429
			SwinBlock Start - Memory: 19.429
			After norm1 - Memory: 19.477 (+0.048)
			After view reshape - Memory: 19.477 (+0.000)
			After cyclic shift - Memory: 19.477 (+0.000)
			After window partition - Memory: 19.524 (+0.047)
			After attention - Memory: 19.861 (+0.337)
			After window merge - Memory: 19.908 (+0.047)
			After reverse shift & view - Memory: 19.861 (+-0.047)
			After first residual - Memory: 19.908 (+0.047)
			After MLP + residual - Memory: 20.192 (+0.284)
		[Block 4] Memory allocated: 20.097
			SwinBlock Start - Memory: 20.097
			After norm1 - Memory: 20.145 (+0.048)
			After view reshape - Memory: 20.145 (+0.000)
			After cyclic shift - Memory: 20.192 (+0.047)
			After window partition - Memory: 20.239 (+0.047)
			After attention - Memory: 20.576 (+0.337)
			After window merge - Memory: 20.576 (+0.000)
			After reverse shift & view - Memory: 20.576 (+0.000)
			After first residual - Memory: 20.576 (+0.000)
			After MLP + residual - Memory: 20.861 (+0.285)
		[Block 5] Memory allocated: 20.766
	After residual_group - Memory allocated: 20.766
	After patch_unembed - Memory allocated: 20.766
	After conv - Memory allocated: 20.813
	After patch_embed - Memory allocated: 20.813
	After residual add - Memory allocated: 20.861
[RSTB 5] Memory allocated: 20.813
	Start - Memory allocated: 20.813
			SwinBlock Start - Memory: 20.813
			After norm1 - Memory: 20.861 (+0.048)
			After view reshape - Memory: 20.861 (+0.000)
			After cyclic shift - Memory: 20.861 (+0.000)
			After window partition - Memory: 20.909 (+0.048)
			After attention - Memory: 21.248 (+0.339)
			After window merge - Memory: 21.295 (+0.047)
			After reverse shift & view - Memory: 21.248 (+-0.047)
			After first residual - Memory: 21.295 (+0.047)
			After MLP + residual - Memory: 21.581 (+0.286)
		[Block 0] Memory allocated: 21.487
			SwinBlock Start - Memory: 21.487
			After norm1 - Memory: 21.534 (+0.048)
			After view reshape - Memory: 21.534 (+0.000)
			After cyclic shift - Memory: 21.581 (+0.047)
			After window partition - Memory: 21.629 (+0.047)
			After attention - Memory: 21.967 (+0.339)
			After window merge - Memory: 21.967 (+0.000)
			After reverse shift & view - Memory: 21.967 (+0.000)
			After first residual - Memory: 21.967 (+0.000)
			After MLP + residual - Memory: 22.253 (+0.286)
		[Block 1] Memory allocated: 22.158
			SwinBlock Start - Memory: 22.158
			After norm1 - Memory: 22.205 (+0.048)
			After view reshape - Memory: 22.205 (+0.000)
			After cyclic shift - Memory: 22.205 (+0.000)
			After window partition - Memory: 22.254 (+0.048)
			After attention - Memory: 22.592 (+0.339)
			After window merge - Memory: 22.639 (+0.047)
			After reverse shift & view - Memory: 22.592 (+-0.047)
			After first residual - Memory: 22.639 (+0.047)
			After MLP + residual - Memory: 22.925 (+0.286)
		[Block 2] Memory allocated: 22.831
			SwinBlock Start - Memory: 22.831
			After norm1 - Memory: 22.879 (+0.048)
			After view reshape - Memory: 22.879 (+0.000)
			After cyclic shift - Memory: 22.926 (+0.047)
			After window partition - Memory: 22.973 (+0.047)
			After attention - Memory: 23.312 (+0.339)
			After window merge - Memory: 23.312 (+0.000)
			After reverse shift & view - Memory: 23.312 (+0.000)
			After first residual - Memory: 23.312 (+0.000)
			After MLP + residual - Memory: 23.597 (+0.286)
		[Block 3] Memory allocated: 23.502
			SwinBlock Start - Memory: 23.502
			After norm1 - Memory: 23.550 (+0.048)
			After view reshape - Memory: 23.550 (+0.000)
			After cyclic shift - Memory: 23.550 (+0.000)
			After window partition - Memory: 23.598 (+0.048)
			After attention - Memory: 23.937 (+0.339)
			After window merge - Memory: 23.984 (+0.047)
			After reverse shift & view - Memory: 23.937 (+-0.047)
			After first residual - Memory: 23.984 (+0.047)
			After MLP + residual - Memory: 24.269 (+0.286)
		[Block 4] Memory allocated: 24.175
			SwinBlock Start - Memory: 24.175
			After norm1 - Memory: 24.223 (+0.048)
			After view reshape - Memory: 24.223 (+0.000)
			After cyclic shift - Memory: 24.270 (+0.047)
			After window partition - Memory: 24.317 (+0.047)
			After attention - Memory: 24.656 (+0.339)
			After window merge - Memory: 24.656 (+0.000)
			After reverse shift & view - Memory: 24.656 (+0.000)
			After first residual - Memory: 24.656 (+0.000)
			After MLP + residual - Memory: 24.942 (+0.286)
		[Block 5] Memory allocated: 24.846
	After residual_group - Memory allocated: 24.846
	After patch_unembed - Memory allocated: 24.846
	After conv - Memory allocated: 24.893
	After patch_embed - Memory allocated: 24.893
	After residual add - Memory allocated: 24.942
	[Batch 4] Memory allocated, after forward: 25.073 GB
	[Batch 4] Memory allocated, before backward: 25.076 GB
	[Batch 4] Memory allocated, after backward: 0.291 GB
	[Batch 4] Memory allocated, after optimizer: 0.291 GB
Batch index: 4...
	[Batch 5] Memory allocated, before forward: 0.242 GB
[RSTB 0] Memory allocated: 0.340
	Start - Memory allocated: 0.340
			SwinBlock Start - Memory: 0.340
			After norm1 - Memory: 0.389 (+0.049)
			After view reshape - Memory: 0.389 (+0.000)
			After cyclic shift - Memory: 0.389 (+0.000)
			After window partition - Memory: 0.437 (+0.048)
			After attention - Memory: 0.779 (+0.342)
			After window merge - Memory: 0.827 (+0.048)
			After reverse shift & view - Memory: 0.779 (+-0.048)
			After first residual - Memory: 0.827 (+0.048)
			After MLP + residual - Memory: 1.113 (+0.286)
		[Block 0] Memory allocated: 1.016
			SwinBlock Start - Memory: 1.016
			After norm1 - Memory: 1.065 (+0.049)
			After view reshape - Memory: 1.065 (+0.000)
			After cyclic shift - Memory: 1.113 (+0.048)
			After window partition - Memory: 1.161 (+0.048)
			After attention - Memory: 1.503 (+0.342)
			After window merge - Memory: 1.503 (+0.000)
			After reverse shift & view - Memory: 1.503 (+0.000)
			After first residual - Memory: 1.503 (+0.000)
			After MLP + residual - Memory: 1.789 (+0.286)
		[Block 1] Memory allocated: 1.693
			SwinBlock Start - Memory: 1.693
			After norm1 - Memory: 1.741 (+0.049)
			After view reshape - Memory: 1.741 (+0.000)
			After cyclic shift - Memory: 1.741 (+0.000)
			After window partition - Memory: 1.790 (+0.048)
			After attention - Memory: 2.131 (+0.342)
			After window merge - Memory: 2.180 (+0.048)
			After reverse shift & view - Memory: 2.131 (+-0.048)
			After first residual - Memory: 2.180 (+0.048)
			After MLP + residual - Memory: 2.465 (+0.286)
		[Block 2] Memory allocated: 2.369
			SwinBlock Start - Memory: 2.369
			After norm1 - Memory: 2.418 (+0.049)
			After view reshape - Memory: 2.418 (+0.000)
			After cyclic shift - Memory: 2.466 (+0.048)
			After window partition - Memory: 2.514 (+0.048)
			After attention - Memory: 2.856 (+0.342)
			After window merge - Memory: 2.856 (+0.000)
			After reverse shift & view - Memory: 2.856 (+0.000)
			After first residual - Memory: 2.856 (+0.000)
			After MLP + residual - Memory: 3.142 (+0.286)
		[Block 3] Memory allocated: 3.045
			SwinBlock Start - Memory: 3.045
			After norm1 - Memory: 3.094 (+0.049)
			After view reshape - Memory: 3.094 (+0.000)
			After cyclic shift - Memory: 3.094 (+0.000)
			After window partition - Memory: 3.142 (+0.048)
			After attention - Memory: 3.484 (+0.342)
			After window merge - Memory: 3.532 (+0.048)
			After reverse shift & view - Memory: 3.484 (+-0.048)
			After first residual - Memory: 3.532 (+0.048)
			After MLP + residual - Memory: 3.818 (+0.286)
		[Block 4] Memory allocated: 3.722
			SwinBlock Start - Memory: 3.722
			After norm1 - Memory: 3.770 (+0.049)
			After view reshape - Memory: 3.770 (+0.000)
			After cyclic shift - Memory: 3.819 (+0.048)
			After window partition - Memory: 3.867 (+0.048)
			After attention - Memory: 4.209 (+0.342)
			After window merge - Memory: 4.209 (+0.000)
			After reverse shift & view - Memory: 4.209 (+0.000)
			After first residual - Memory: 4.209 (+0.000)
			After MLP + residual - Memory: 4.494 (+0.286)
		[Block 5] Memory allocated: 4.398
	After residual_group - Memory allocated: 4.398
	After patch_unembed - Memory allocated: 4.398
	After conv - Memory allocated: 4.446
	After patch_embed - Memory allocated: 4.446
	After residual add - Memory allocated: 4.494
[RSTB 1] Memory allocated: 4.446
	Start - Memory allocated: 4.446
			SwinBlock Start - Memory: 4.446
			After norm1 - Memory: 4.495 (+0.049)
			After view reshape - Memory: 4.495 (+0.000)
			After cyclic shift - Memory: 4.495 (+0.000)
			After window partition - Memory: 4.543 (+0.048)
			After attention - Memory: 4.885 (+0.342)
			After window merge - Memory: 4.933 (+0.048)
			After reverse shift & view - Memory: 4.885 (+-0.048)
			After first residual - Memory: 4.933 (+0.048)
			After MLP + residual - Memory: 5.219 (+0.286)
		[Block 0] Memory allocated: 5.122
			SwinBlock Start - Memory: 5.122
			After norm1 - Memory: 5.171 (+0.049)
			After view reshape - Memory: 5.171 (+0.000)
			After cyclic shift - Memory: 5.219 (+0.048)
			After window partition - Memory: 5.268 (+0.048)
			After attention - Memory: 5.610 (+0.342)
			After window merge - Memory: 5.610 (+0.000)
			After reverse shift & view - Memory: 5.610 (+0.000)
			After first residual - Memory: 5.610 (+0.000)
			After MLP + residual - Memory: 5.895 (+0.286)
		[Block 1] Memory allocated: 5.799
			SwinBlock Start - Memory: 5.799
			After norm1 - Memory: 5.848 (+0.049)
			After view reshape - Memory: 5.848 (+0.000)
			After cyclic shift - Memory: 5.848 (+0.000)
			After window partition - Memory: 5.896 (+0.048)
			After attention - Memory: 6.238 (+0.342)
			After window merge - Memory: 6.286 (+0.048)
			After reverse shift & view - Memory: 6.238 (+-0.048)
			After first residual - Memory: 6.286 (+0.048)
			After MLP + residual - Memory: 6.572 (+0.286)
		[Block 2] Memory allocated: 6.475
			SwinBlock Start - Memory: 6.475
			After norm1 - Memory: 6.524 (+0.049)
			After view reshape - Memory: 6.524 (+0.000)
			After cyclic shift - Memory: 6.572 (+0.048)
			After window partition - Memory: 6.620 (+0.048)
			After attention - Memory: 6.962 (+0.342)
			After window merge - Memory: 6.962 (+0.000)
			After reverse shift & view - Memory: 6.962 (+0.000)
			After first residual - Memory: 6.962 (+0.000)
			After MLP + residual - Memory: 7.248 (+0.286)
		[Block 3] Memory allocated: 7.151
			SwinBlock Start - Memory: 7.151
			After norm1 - Memory: 7.200 (+0.049)
			After view reshape - Memory: 7.200 (+0.000)
			After cyclic shift - Memory: 7.200 (+0.000)
			After window partition - Memory: 7.248 (+0.048)
			After attention - Memory: 7.590 (+0.342)
			After window merge - Memory: 7.639 (+0.048)
			After reverse shift & view - Memory: 7.590 (+-0.048)
			After first residual - Memory: 7.639 (+0.048)
			After MLP + residual - Memory: 7.924 (+0.286)
		[Block 4] Memory allocated: 7.828
			SwinBlock Start - Memory: 7.828
			After norm1 - Memory: 7.877 (+0.049)
			After view reshape - Memory: 7.877 (+0.000)
			After cyclic shift - Memory: 7.925 (+0.048)
			After window partition - Memory: 7.973 (+0.048)
			After attention - Memory: 8.315 (+0.342)
			After window merge - Memory: 8.315 (+0.000)
			After reverse shift & view - Memory: 8.315 (+0.000)
			After first residual - Memory: 8.315 (+0.000)
			After MLP + residual - Memory: 8.601 (+0.286)
		[Block 5] Memory allocated: 8.504
	After residual_group - Memory allocated: 8.504
	After patch_unembed - Memory allocated: 8.504
	After conv - Memory allocated: 8.552
	After patch_embed - Memory allocated: 8.552
	After residual add - Memory allocated: 8.601
[RSTB 2] Memory allocated: 8.552
	Start - Memory allocated: 8.552
			SwinBlock Start - Memory: 8.552
			After norm1 - Memory: 8.601 (+0.049)
			After view reshape - Memory: 8.601 (+0.000)
			After cyclic shift - Memory: 8.601 (+0.000)
			After window partition - Memory: 8.649 (+0.048)
			After attention - Memory: 8.991 (+0.342)
			After window merge - Memory: 9.039 (+0.048)
			After reverse shift & view - Memory: 8.991 (+-0.048)
			After first residual - Memory: 9.039 (+0.048)
			After MLP + residual - Memory: 9.325 (+0.286)
		[Block 0] Memory allocated: 9.229
			SwinBlock Start - Memory: 9.229
			After norm1 - Memory: 9.277 (+0.049)
			After view reshape - Memory: 9.277 (+0.000)
			After cyclic shift - Memory: 9.326 (+0.048)
			After window partition - Memory: 9.374 (+0.048)
			After attention - Memory: 9.716 (+0.342)
			After window merge - Memory: 9.716 (+0.000)
			After reverse shift & view - Memory: 9.716 (+0.000)
			After first residual - Memory: 9.716 (+0.000)
			After MLP + residual - Memory: 10.001 (+0.286)
		[Block 1] Memory allocated: 9.905
			SwinBlock Start - Memory: 9.905
			After norm1 - Memory: 9.954 (+0.049)
			After view reshape - Memory: 9.954 (+0.000)
			After cyclic shift - Memory: 9.954 (+0.000)
			After window partition - Memory: 10.002 (+0.048)
			After attention - Memory: 10.344 (+0.342)
			After window merge - Memory: 10.392 (+0.048)
			After reverse shift & view - Memory: 10.344 (+-0.048)
			After first residual - Memory: 10.392 (+0.048)
			After MLP + residual - Memory: 10.678 (+0.286)
		[Block 2] Memory allocated: 10.581
			SwinBlock Start - Memory: 10.581
			After norm1 - Memory: 10.630 (+0.049)
			After view reshape - Memory: 10.630 (+0.000)
			After cyclic shift - Memory: 10.678 (+0.048)
			After window partition - Memory: 10.727 (+0.048)
			After attention - Memory: 11.068 (+0.342)
			After window merge - Memory: 11.068 (+0.000)
			After reverse shift & view - Memory: 11.068 (+0.000)
			After first residual - Memory: 11.068 (+0.000)
			After MLP + residual - Memory: 11.354 (+0.286)
		[Block 3] Memory allocated: 11.258
			SwinBlock Start - Memory: 11.258
			After norm1 - Memory: 11.306 (+0.049)
			After view reshape - Memory: 11.306 (+0.000)
			After cyclic shift - Memory: 11.306 (+0.000)
			After window partition - Memory: 11.355 (+0.048)
			After attention - Memory: 11.697 (+0.342)
			After window merge - Memory: 11.745 (+0.048)
			After reverse shift & view - Memory: 11.697 (+-0.048)
			After first residual - Memory: 11.745 (+0.048)
			After MLP + residual - Memory: 12.030 (+0.286)
		[Block 4] Memory allocated: 11.934
			SwinBlock Start - Memory: 11.934
			After norm1 - Memory: 11.983 (+0.049)
			After view reshape - Memory: 11.983 (+0.000)
			After cyclic shift - Memory: 12.031 (+0.048)
			After window partition - Memory: 12.079 (+0.048)
			After attention - Memory: 12.421 (+0.342)
			After window merge - Memory: 12.421 (+0.000)
			After reverse shift & view - Memory: 12.421 (+0.000)
			After first residual - Memory: 12.421 (+0.000)
			After MLP + residual - Memory: 12.707 (+0.286)
		[Block 5] Memory allocated: 12.610
	After residual_group - Memory allocated: 12.610
	After patch_unembed - Memory allocated: 12.610
	After conv - Memory allocated: 12.659
	After patch_embed - Memory allocated: 12.659
	After residual add - Memory allocated: 12.707
[RSTB 3] Memory allocated: 12.659
	Start - Memory allocated: 12.659
			SwinBlock Start - Memory: 12.659
			After norm1 - Memory: 12.707 (+0.049)
			After view reshape - Memory: 12.707 (+0.000)
			After cyclic shift - Memory: 12.707 (+0.000)
			After window partition - Memory: 12.756 (+0.048)
			After attention - Memory: 13.097 (+0.342)
			After window merge - Memory: 13.146 (+0.048)
			After reverse shift & view - Memory: 13.097 (+-0.048)
			After first residual - Memory: 13.146 (+0.048)
			After MLP + residual - Memory: 13.431 (+0.286)
		[Block 0] Memory allocated: 13.335
			SwinBlock Start - Memory: 13.335
			After norm1 - Memory: 13.384 (+0.049)
			After view reshape - Memory: 13.384 (+0.000)
			After cyclic shift - Memory: 13.432 (+0.048)
			After window partition - Memory: 13.480 (+0.048)
			After attention - Memory: 13.822 (+0.342)
			After window merge - Memory: 13.822 (+0.000)
			After reverse shift & view - Memory: 13.822 (+0.000)
			After first residual - Memory: 13.822 (+0.000)
			After MLP + residual - Memory: 14.108 (+0.286)
		[Block 1] Memory allocated: 14.011
			SwinBlock Start - Memory: 14.011
			After norm1 - Memory: 14.060 (+0.049)
			After view reshape - Memory: 14.060 (+0.000)
			After cyclic shift - Memory: 14.060 (+0.000)
			After window partition - Memory: 14.108 (+0.048)
			After attention - Memory: 14.450 (+0.342)
			After window merge - Memory: 14.498 (+0.048)
			After reverse shift & view - Memory: 14.450 (+-0.048)
			After first residual - Memory: 14.498 (+0.048)
			After MLP + residual - Memory: 14.784 (+0.286)
		[Block 2] Memory allocated: 14.688
			SwinBlock Start - Memory: 14.688
			After norm1 - Memory: 14.736 (+0.049)
			After view reshape - Memory: 14.736 (+0.000)
			After cyclic shift - Memory: 14.785 (+0.048)
			After window partition - Memory: 14.833 (+0.048)
			After attention - Memory: 15.175 (+0.342)
			After window merge - Memory: 15.175 (+0.000)
			After reverse shift & view - Memory: 15.175 (+0.000)
			After first residual - Memory: 15.175 (+0.000)
			After MLP + residual - Memory: 15.460 (+0.286)
		[Block 3] Memory allocated: 15.364
			SwinBlock Start - Memory: 15.364
			After norm1 - Memory: 15.413 (+0.049)
			After view reshape - Memory: 15.413 (+0.000)
			After cyclic shift - Memory: 15.413 (+0.000)
			After window partition - Memory: 15.461 (+0.048)
			After attention - Memory: 15.803 (+0.342)
			After window merge - Memory: 15.851 (+0.048)
			After reverse shift & view - Memory: 15.803 (+-0.048)
			After first residual - Memory: 15.851 (+0.048)
			After MLP + residual - Memory: 16.137 (+0.286)
		[Block 4] Memory allocated: 16.040
			SwinBlock Start - Memory: 16.040
			After norm1 - Memory: 16.089 (+0.049)
			After view reshape - Memory: 16.089 (+0.000)
			After cyclic shift - Memory: 16.136 (+0.047)
			After window partition - Memory: 16.184 (+0.048)
			After attention - Memory: 16.521 (+0.337)
			After window merge - Memory: 16.521 (+0.000)
			After reverse shift & view - Memory: 16.520 (+-0.001)
			After first residual - Memory: 16.520 (+0.000)
			After MLP + residual - Memory: 16.805 (+0.285)
		[Block 5] Memory allocated: 16.710
	After residual_group - Memory allocated: 16.710
	After patch_unembed - Memory allocated: 16.710
	After conv - Memory allocated: 16.757
	After patch_embed - Memory allocated: 16.757
	After residual add - Memory allocated: 16.805
[RSTB 4] Memory allocated: 16.757
	Start - Memory allocated: 16.757
			SwinBlock Start - Memory: 16.757
			After norm1 - Memory: 16.805 (+0.048)
			After view reshape - Memory: 16.805 (+0.000)
			After cyclic shift - Memory: 16.805 (+0.000)
			After window partition - Memory: 16.852 (+0.047)
			After attention - Memory: 17.189 (+0.337)
			After window merge - Memory: 17.236 (+0.047)
			After reverse shift & view - Memory: 17.189 (+-0.047)
			After first residual - Memory: 17.236 (+0.047)
			After MLP + residual - Memory: 17.520 (+0.284)
		[Block 0] Memory allocated: 17.425
			SwinBlock Start - Memory: 17.425
			After norm1 - Memory: 17.473 (+0.048)
			After view reshape - Memory: 17.473 (+0.000)
			After cyclic shift - Memory: 17.520 (+0.047)
			After window partition - Memory: 17.567 (+0.047)
			After attention - Memory: 17.904 (+0.337)
			After window merge - Memory: 17.904 (+0.000)
			After reverse shift & view - Memory: 17.904 (+0.000)
			After first residual - Memory: 17.904 (+0.000)
			After MLP + residual - Memory: 18.188 (+0.284)
		[Block 1] Memory allocated: 18.093
			SwinBlock Start - Memory: 18.093
			After norm1 - Memory: 18.141 (+0.048)
			After view reshape - Memory: 18.141 (+0.000)
			After cyclic shift - Memory: 18.141 (+0.000)
			After window partition - Memory: 18.188 (+0.047)
			After attention - Memory: 18.525 (+0.337)
			After window merge - Memory: 18.572 (+0.047)
			After reverse shift & view - Memory: 18.525 (+-0.047)
			After first residual - Memory: 18.572 (+0.047)
			After MLP + residual - Memory: 18.856 (+0.284)
		[Block 2] Memory allocated: 18.761
			SwinBlock Start - Memory: 18.761
			After norm1 - Memory: 18.809 (+0.048)
			After view reshape - Memory: 18.809 (+0.000)
			After cyclic shift - Memory: 18.856 (+0.047)
			After window partition - Memory: 18.903 (+0.047)
			After attention - Memory: 19.240 (+0.337)
			After window merge - Memory: 19.240 (+0.000)
			After reverse shift & view - Memory: 19.240 (+0.000)
			After first residual - Memory: 19.240 (+0.000)
			After MLP + residual - Memory: 19.524 (+0.284)
		[Block 3] Memory allocated: 19.429
			SwinBlock Start - Memory: 19.429
			After norm1 - Memory: 19.477 (+0.048)
			After view reshape - Memory: 19.477 (+0.000)
			After cyclic shift - Memory: 19.477 (+0.000)
			After window partition - Memory: 19.524 (+0.047)
			After attention - Memory: 19.861 (+0.337)
			After window merge - Memory: 19.908 (+0.047)
			After reverse shift & view - Memory: 19.861 (+-0.047)
			After first residual - Memory: 19.908 (+0.047)
			After MLP + residual - Memory: 20.192 (+0.284)
		[Block 4] Memory allocated: 20.097
			SwinBlock Start - Memory: 20.097
			After norm1 - Memory: 20.145 (+0.048)
			After view reshape - Memory: 20.145 (+0.000)
			After cyclic shift - Memory: 20.192 (+0.047)
			After window partition - Memory: 20.239 (+0.047)
			After attention - Memory: 20.576 (+0.337)
			After window merge - Memory: 20.576 (+0.000)
			After reverse shift & view - Memory: 20.576 (+0.000)
			After first residual - Memory: 20.576 (+0.000)
			After MLP + residual - Memory: 20.861 (+0.285)
		[Block 5] Memory allocated: 20.766
	After residual_group - Memory allocated: 20.766
	After patch_unembed - Memory allocated: 20.766
	After conv - Memory allocated: 20.813
	After patch_embed - Memory allocated: 20.813
	After residual add - Memory allocated: 20.861
[RSTB 5] Memory allocated: 20.813
	Start - Memory allocated: 20.813
			SwinBlock Start - Memory: 20.813
			After norm1 - Memory: 20.861 (+0.048)
			After view reshape - Memory: 20.861 (+0.000)
			After cyclic shift - Memory: 20.861 (+0.000)
			After window partition - Memory: 20.909 (+0.048)
			After attention - Memory: 21.248 (+0.339)
			After window merge - Memory: 21.295 (+0.047)
			After reverse shift & view - Memory: 21.248 (+-0.047)
			After first residual - Memory: 21.295 (+0.047)
			After MLP + residual - Memory: 21.581 (+0.286)
		[Block 0] Memory allocated: 21.487
			SwinBlock Start - Memory: 21.487
			After norm1 - Memory: 21.534 (+0.048)
			After view reshape - Memory: 21.534 (+0.000)
			After cyclic shift - Memory: 21.581 (+0.047)
			After window partition - Memory: 21.629 (+0.047)
			After attention - Memory: 21.967 (+0.339)
			After window merge - Memory: 21.967 (+0.000)
			After reverse shift & view - Memory: 21.967 (+0.000)
			After first residual - Memory: 21.967 (+0.000)
			After MLP + residual - Memory: 22.253 (+0.286)
		[Block 1] Memory allocated: 22.158
			SwinBlock Start - Memory: 22.158
			After norm1 - Memory: 22.205 (+0.048)
			After view reshape - Memory: 22.205 (+0.000)
			After cyclic shift - Memory: 22.205 (+0.000)
			After window partition - Memory: 22.254 (+0.048)
			After attention - Memory: 22.592 (+0.339)
			After window merge - Memory: 22.639 (+0.047)
			After reverse shift & view - Memory: 22.592 (+-0.047)
			After first residual - Memory: 22.639 (+0.047)
			After MLP + residual - Memory: 22.925 (+0.286)
		[Block 2] Memory allocated: 22.831
			SwinBlock Start - Memory: 22.831
			After norm1 - Memory: 22.879 (+0.048)
			After view reshape - Memory: 22.879 (+0.000)
			After cyclic shift - Memory: 22.926 (+0.047)
			After window partition - Memory: 22.973 (+0.047)
			After attention - Memory: 23.312 (+0.339)
			After window merge - Memory: 23.312 (+0.000)
			After reverse shift & view - Memory: 23.312 (+0.000)
			After first residual - Memory: 23.312 (+0.000)
			After MLP + residual - Memory: 23.597 (+0.286)
		[Block 3] Memory allocated: 23.502
			SwinBlock Start - Memory: 23.502
			After norm1 - Memory: 23.550 (+0.048)
			After view reshape - Memory: 23.550 (+0.000)
			After cyclic shift - Memory: 23.550 (+0.000)
			After window partition - Memory: 23.598 (+0.048)
			After attention - Memory: 23.937 (+0.339)
			After window merge - Memory: 23.984 (+0.047)
			After reverse shift & view - Memory: 23.937 (+-0.047)
			After first residual - Memory: 23.984 (+0.047)
			After MLP + residual - Memory: 24.269 (+0.286)
		[Block 4] Memory allocated: 24.175
			SwinBlock Start - Memory: 24.175
			After norm1 - Memory: 24.223 (+0.048)
			After view reshape - Memory: 24.223 (+0.000)
			After cyclic shift - Memory: 24.270 (+0.047)
			After window partition - Memory: 24.317 (+0.047)
			After attention - Memory: 24.656 (+0.339)
			After window merge - Memory: 24.656 (+0.000)
			After reverse shift & view - Memory: 24.656 (+0.000)
			After first residual - Memory: 24.656 (+0.000)
			After MLP + residual - Memory: 24.942 (+0.286)
		[Block 5] Memory allocated: 24.846
	After residual_group - Memory allocated: 24.846
	After patch_unembed - Memory allocated: 24.846
	After conv - Memory allocated: 24.893
	After patch_embed - Memory allocated: 24.893
	After residual add - Memory allocated: 24.942
	[Batch 5] Memory allocated, after forward: 25.073 GB
	[Batch 5] Memory allocated, before backward: 25.076 GB
	[Batch 5] Memory allocated, after backward: 0.291 GB
	[Batch 5] Memory allocated, after optimizer: 0.291 GB
Batch index: 5...
	[Batch 6] Memory allocated, before forward: 0.242 GB
[RSTB 0] Memory allocated: 0.340
	Start - Memory allocated: 0.340
			SwinBlock Start - Memory: 0.340
			After norm1 - Memory: 0.389 (+0.049)
			After view reshape - Memory: 0.389 (+0.000)
			After cyclic shift - Memory: 0.389 (+0.000)
			After window partition - Memory: 0.437 (+0.048)
			After attention - Memory: 0.779 (+0.342)
			After window merge - Memory: 0.827 (+0.048)
			After reverse shift & view - Memory: 0.779 (+-0.048)
			After first residual - Memory: 0.827 (+0.048)
			After MLP + residual - Memory: 1.113 (+0.286)
		[Block 0] Memory allocated: 1.016
			SwinBlock Start - Memory: 1.016
			After norm1 - Memory: 1.065 (+0.049)
			After view reshape - Memory: 1.065 (+0.000)
			After cyclic shift - Memory: 1.113 (+0.048)
			After window partition - Memory: 1.161 (+0.048)
			After attention - Memory: 1.503 (+0.342)
			After window merge - Memory: 1.503 (+0.000)
			After reverse shift & view - Memory: 1.503 (+0.000)
			After first residual - Memory: 1.503 (+0.000)
			After MLP + residual - Memory: 1.789 (+0.286)
		[Block 1] Memory allocated: 1.693
			SwinBlock Start - Memory: 1.693
			After norm1 - Memory: 1.741 (+0.049)
			After view reshape - Memory: 1.741 (+0.000)
			After cyclic shift - Memory: 1.741 (+0.000)
			After window partition - Memory: 1.790 (+0.048)
			After attention - Memory: 2.131 (+0.342)
			After window merge - Memory: 2.180 (+0.048)
			After reverse shift & view - Memory: 2.131 (+-0.048)
			After first residual - Memory: 2.180 (+0.048)
			After MLP + residual - Memory: 2.465 (+0.286)
		[Block 2] Memory allocated: 2.369
			SwinBlock Start - Memory: 2.369
			After norm1 - Memory: 2.418 (+0.049)
			After view reshape - Memory: 2.418 (+0.000)
			After cyclic shift - Memory: 2.466 (+0.048)
			After window partition - Memory: 2.514 (+0.048)
			After attention - Memory: 2.856 (+0.342)
			After window merge - Memory: 2.856 (+0.000)
			After reverse shift & view - Memory: 2.856 (+0.000)
			After first residual - Memory: 2.856 (+0.000)
			After MLP + residual - Memory: 3.142 (+0.286)
		[Block 3] Memory allocated: 3.045
			SwinBlock Start - Memory: 3.045
			After norm1 - Memory: 3.094 (+0.049)
			After view reshape - Memory: 3.094 (+0.000)
			After cyclic shift - Memory: 3.094 (+0.000)
			After window partition - Memory: 3.142 (+0.048)
			After attention - Memory: 3.484 (+0.342)
			After window merge - Memory: 3.532 (+0.048)
			After reverse shift & view - Memory: 3.484 (+-0.048)
			After first residual - Memory: 3.532 (+0.048)
			After MLP + residual - Memory: 3.818 (+0.286)
		[Block 4] Memory allocated: 3.722
			SwinBlock Start - Memory: 3.722
			After norm1 - Memory: 3.770 (+0.049)
			After view reshape - Memory: 3.770 (+0.000)
			After cyclic shift - Memory: 3.819 (+0.048)
			After window partition - Memory: 3.867 (+0.048)
			After attention - Memory: 4.209 (+0.342)
			After window merge - Memory: 4.209 (+0.000)
			After reverse shift & view - Memory: 4.209 (+0.000)
			After first residual - Memory: 4.209 (+0.000)
			After MLP + residual - Memory: 4.494 (+0.286)
		[Block 5] Memory allocated: 4.398
	After residual_group - Memory allocated: 4.398
	After patch_unembed - Memory allocated: 4.398
	After conv - Memory allocated: 4.446
	After patch_embed - Memory allocated: 4.446
	After residual add - Memory allocated: 4.494
[RSTB 1] Memory allocated: 4.446
	Start - Memory allocated: 4.446
			SwinBlock Start - Memory: 4.446
			After norm1 - Memory: 4.495 (+0.049)
			After view reshape - Memory: 4.495 (+0.000)
			After cyclic shift - Memory: 4.495 (+0.000)
			After window partition - Memory: 4.543 (+0.048)
			After attention - Memory: 4.885 (+0.342)
			After window merge - Memory: 4.933 (+0.048)
			After reverse shift & view - Memory: 4.885 (+-0.048)
			After first residual - Memory: 4.933 (+0.048)
			After MLP + residual - Memory: 5.219 (+0.286)
		[Block 0] Memory allocated: 5.122
			SwinBlock Start - Memory: 5.122
			After norm1 - Memory: 5.171 (+0.049)
			After view reshape - Memory: 5.171 (+0.000)
			After cyclic shift - Memory: 5.219 (+0.048)
			After window partition - Memory: 5.268 (+0.048)
			After attention - Memory: 5.610 (+0.342)
			After window merge - Memory: 5.610 (+0.000)
			After reverse shift & view - Memory: 5.610 (+0.000)
			After first residual - Memory: 5.610 (+0.000)
			After MLP + residual - Memory: 5.895 (+0.286)
		[Block 1] Memory allocated: 5.799
			SwinBlock Start - Memory: 5.799
			After norm1 - Memory: 5.848 (+0.049)
			After view reshape - Memory: 5.848 (+0.000)
			After cyclic shift - Memory: 5.848 (+0.000)
			After window partition - Memory: 5.896 (+0.048)
			After attention - Memory: 6.238 (+0.342)
			After window merge - Memory: 6.286 (+0.048)
			After reverse shift & view - Memory: 6.238 (+-0.048)
			After first residual - Memory: 6.286 (+0.048)
			After MLP + residual - Memory: 6.572 (+0.286)
		[Block 2] Memory allocated: 6.475
			SwinBlock Start - Memory: 6.475
			After norm1 - Memory: 6.524 (+0.049)
			After view reshape - Memory: 6.524 (+0.000)
			After cyclic shift - Memory: 6.572 (+0.048)
			After window partition - Memory: 6.620 (+0.048)
			After attention - Memory: 6.962 (+0.342)
			After window merge - Memory: 6.962 (+0.000)
			After reverse shift & view - Memory: 6.962 (+0.000)
			After first residual - Memory: 6.962 (+0.000)
			After MLP + residual - Memory: 7.248 (+0.286)
		[Block 3] Memory allocated: 7.151
			SwinBlock Start - Memory: 7.151
			After norm1 - Memory: 7.200 (+0.049)
			After view reshape - Memory: 7.200 (+0.000)
			After cyclic shift - Memory: 7.200 (+0.000)
			After window partition - Memory: 7.248 (+0.048)
			After attention - Memory: 7.590 (+0.342)
			After window merge - Memory: 7.639 (+0.048)
			After reverse shift & view - Memory: 7.590 (+-0.048)
			After first residual - Memory: 7.639 (+0.048)
			After MLP + residual - Memory: 7.924 (+0.286)
		[Block 4] Memory allocated: 7.828
			SwinBlock Start - Memory: 7.828
			After norm1 - Memory: 7.877 (+0.049)
			After view reshape - Memory: 7.877 (+0.000)
			After cyclic shift - Memory: 7.925 (+0.048)
			After window partition - Memory: 7.973 (+0.048)
			After attention - Memory: 8.315 (+0.342)
			After window merge - Memory: 8.315 (+0.000)
			After reverse shift & view - Memory: 8.315 (+0.000)
			After first residual - Memory: 8.315 (+0.000)
			After MLP + residual - Memory: 8.601 (+0.286)
		[Block 5] Memory allocated: 8.504
	After residual_group - Memory allocated: 8.504
	After patch_unembed - Memory allocated: 8.504
	After conv - Memory allocated: 8.552
	After patch_embed - Memory allocated: 8.552
	After residual add - Memory allocated: 8.601
[RSTB 2] Memory allocated: 8.552
	Start - Memory allocated: 8.552
			SwinBlock Start - Memory: 8.552
			After norm1 - Memory: 8.601 (+0.049)
			After view reshape - Memory: 8.601 (+0.000)
			After cyclic shift - Memory: 8.601 (+0.000)
			After window partition - Memory: 8.649 (+0.048)
			After attention - Memory: 8.991 (+0.342)
			After window merge - Memory: 9.039 (+0.048)
			After reverse shift & view - Memory: 8.991 (+-0.048)
			After first residual - Memory: 9.039 (+0.048)
			After MLP + residual - Memory: 9.325 (+0.286)
		[Block 0] Memory allocated: 9.229
			SwinBlock Start - Memory: 9.229
			After norm1 - Memory: 9.277 (+0.049)
			After view reshape - Memory: 9.277 (+0.000)
			After cyclic shift - Memory: 9.326 (+0.048)
			After window partition - Memory: 9.374 (+0.048)
			After attention - Memory: 9.716 (+0.342)
			After window merge - Memory: 9.716 (+0.000)
			After reverse shift & view - Memory: 9.716 (+0.000)
			After first residual - Memory: 9.716 (+0.000)
			After MLP + residual - Memory: 10.001 (+0.286)
		[Block 1] Memory allocated: 9.905
			SwinBlock Start - Memory: 9.905
			After norm1 - Memory: 9.954 (+0.049)
			After view reshape - Memory: 9.954 (+0.000)
			After cyclic shift - Memory: 9.954 (+0.000)
			After window partition - Memory: 10.002 (+0.048)
			After attention - Memory: 10.344 (+0.342)
			After window merge - Memory: 10.392 (+0.048)
			After reverse shift & view - Memory: 10.344 (+-0.048)
			After first residual - Memory: 10.392 (+0.048)
			After MLP + residual - Memory: 10.678 (+0.286)
		[Block 2] Memory allocated: 10.581
			SwinBlock Start - Memory: 10.581
			After norm1 - Memory: 10.630 (+0.049)
			After view reshape - Memory: 10.630 (+0.000)
			After cyclic shift - Memory: 10.678 (+0.048)
			After window partition - Memory: 10.727 (+0.048)
			After attention - Memory: 11.068 (+0.342)
			After window merge - Memory: 11.068 (+0.000)
			After reverse shift & view - Memory: 11.068 (+0.000)
			After first residual - Memory: 11.068 (+0.000)
			After MLP + residual - Memory: 11.354 (+0.286)
		[Block 3] Memory allocated: 11.258
			SwinBlock Start - Memory: 11.258
			After norm1 - Memory: 11.306 (+0.049)
			After view reshape - Memory: 11.306 (+0.000)
			After cyclic shift - Memory: 11.306 (+0.000)
			After window partition - Memory: 11.355 (+0.048)
			After attention - Memory: 11.697 (+0.342)
			After window merge - Memory: 11.745 (+0.048)
			After reverse shift & view - Memory: 11.697 (+-0.048)
			After first residual - Memory: 11.745 (+0.048)
			After MLP + residual - Memory: 12.030 (+0.286)
		[Block 4] Memory allocated: 11.934
			SwinBlock Start - Memory: 11.934
			After norm1 - Memory: 11.983 (+0.049)
			After view reshape - Memory: 11.983 (+0.000)
			After cyclic shift - Memory: 12.031 (+0.048)
			After window partition - Memory: 12.079 (+0.048)
			After attention - Memory: 12.421 (+0.342)
			After window merge - Memory: 12.421 (+0.000)
			After reverse shift & view - Memory: 12.421 (+0.000)
			After first residual - Memory: 12.421 (+0.000)
			After MLP + residual - Memory: 12.707 (+0.286)
		[Block 5] Memory allocated: 12.610
	After residual_group - Memory allocated: 12.610
	After patch_unembed - Memory allocated: 12.610
	After conv - Memory allocated: 12.659
	After patch_embed - Memory allocated: 12.659
	After residual add - Memory allocated: 12.707
[RSTB 3] Memory allocated: 12.659
	Start - Memory allocated: 12.659
			SwinBlock Start - Memory: 12.659
			After norm1 - Memory: 12.707 (+0.049)
			After view reshape - Memory: 12.707 (+0.000)
			After cyclic shift - Memory: 12.707 (+0.000)
			After window partition - Memory: 12.756 (+0.048)
			After attention - Memory: 13.097 (+0.342)
			After window merge - Memory: 13.146 (+0.048)
			After reverse shift & view - Memory: 13.097 (+-0.048)
			After first residual - Memory: 13.146 (+0.048)
			After MLP + residual - Memory: 13.431 (+0.286)
		[Block 0] Memory allocated: 13.335
			SwinBlock Start - Memory: 13.335
			After norm1 - Memory: 13.384 (+0.049)
			After view reshape - Memory: 13.384 (+0.000)
			After cyclic shift - Memory: 13.432 (+0.048)
			After window partition - Memory: 13.480 (+0.048)
			After attention - Memory: 13.822 (+0.342)
			After window merge - Memory: 13.822 (+0.000)
			After reverse shift & view - Memory: 13.822 (+0.000)
			After first residual - Memory: 13.822 (+0.000)
			After MLP + residual - Memory: 14.108 (+0.286)
		[Block 1] Memory allocated: 14.011
			SwinBlock Start - Memory: 14.011
			After norm1 - Memory: 14.060 (+0.049)
			After view reshape - Memory: 14.060 (+0.000)
			After cyclic shift - Memory: 14.060 (+0.000)
			After window partition - Memory: 14.108 (+0.048)
			After attention - Memory: 14.450 (+0.342)
			After window merge - Memory: 14.498 (+0.048)
			After reverse shift & view - Memory: 14.450 (+-0.048)
			After first residual - Memory: 14.498 (+0.048)
			After MLP + residual - Memory: 14.784 (+0.286)
		[Block 2] Memory allocated: 14.688
			SwinBlock Start - Memory: 14.688
			After norm1 - Memory: 14.736 (+0.049)
			After view reshape - Memory: 14.736 (+0.000)
			After cyclic shift - Memory: 14.785 (+0.048)
			After window partition - Memory: 14.833 (+0.048)
			After attention - Memory: 15.175 (+0.342)
			After window merge - Memory: 15.175 (+0.000)
			After reverse shift & view - Memory: 15.175 (+0.000)
			After first residual - Memory: 15.175 (+0.000)
			After MLP + residual - Memory: 15.460 (+0.286)
		[Block 3] Memory allocated: 15.364
			SwinBlock Start - Memory: 15.364
			After norm1 - Memory: 15.413 (+0.049)
			After view reshape - Memory: 15.413 (+0.000)
			After cyclic shift - Memory: 15.413 (+0.000)
			After window partition - Memory: 15.461 (+0.048)
			After attention - Memory: 15.803 (+0.342)
			After window merge - Memory: 15.851 (+0.048)
			After reverse shift & view - Memory: 15.803 (+-0.048)
			After first residual - Memory: 15.851 (+0.048)
			After MLP + residual - Memory: 16.137 (+0.286)
		[Block 4] Memory allocated: 16.040
			SwinBlock Start - Memory: 16.040
			After norm1 - Memory: 16.089 (+0.049)
			After view reshape - Memory: 16.089 (+0.000)
			After cyclic shift - Memory: 16.136 (+0.047)
			After window partition - Memory: 16.184 (+0.048)
			After attention - Memory: 16.521 (+0.337)
			After window merge - Memory: 16.521 (+0.000)
			After reverse shift & view - Memory: 16.520 (+-0.001)
			After first residual - Memory: 16.520 (+0.000)
			After MLP + residual - Memory: 16.805 (+0.285)
		[Block 5] Memory allocated: 16.710
	After residual_group - Memory allocated: 16.710
	After patch_unembed - Memory allocated: 16.710
	After conv - Memory allocated: 16.757
	After patch_embed - Memory allocated: 16.757
	After residual add - Memory allocated: 16.805
[RSTB 4] Memory allocated: 16.757
	Start - Memory allocated: 16.757
			SwinBlock Start - Memory: 16.757
			After norm1 - Memory: 16.805 (+0.048)
			After view reshape - Memory: 16.805 (+0.000)
			After cyclic shift - Memory: 16.805 (+0.000)
			After window partition - Memory: 16.852 (+0.047)
			After attention - Memory: 17.189 (+0.337)
			After window merge - Memory: 17.236 (+0.047)
			After reverse shift & view - Memory: 17.189 (+-0.047)
			After first residual - Memory: 17.236 (+0.047)
			After MLP + residual - Memory: 17.520 (+0.284)
		[Block 0] Memory allocated: 17.425
			SwinBlock Start - Memory: 17.425
			After norm1 - Memory: 17.473 (+0.048)
			After view reshape - Memory: 17.473 (+0.000)
			After cyclic shift - Memory: 17.520 (+0.047)
			After window partition - Memory: 17.567 (+0.047)
			After attention - Memory: 17.904 (+0.337)
			After window merge - Memory: 17.904 (+0.000)
			After reverse shift & view - Memory: 17.904 (+0.000)
			After first residual - Memory: 17.904 (+0.000)
			After MLP + residual - Memory: 18.188 (+0.284)
		[Block 1] Memory allocated: 18.093
			SwinBlock Start - Memory: 18.093
			After norm1 - Memory: 18.141 (+0.048)
			After view reshape - Memory: 18.141 (+0.000)
			After cyclic shift - Memory: 18.141 (+0.000)
			After window partition - Memory: 18.188 (+0.047)
			After attention - Memory: 18.525 (+0.337)
			After window merge - Memory: 18.572 (+0.047)
			After reverse shift & view - Memory: 18.525 (+-0.047)
			After first residual - Memory: 18.572 (+0.047)
			After MLP + residual - Memory: 18.856 (+0.284)
		[Block 2] Memory allocated: 18.761
			SwinBlock Start - Memory: 18.761
			After norm1 - Memory: 18.809 (+0.048)
			After view reshape - Memory: 18.809 (+0.000)
			After cyclic shift - Memory: 18.856 (+0.047)
			After window partition - Memory: 18.903 (+0.047)
			After attention - Memory: 19.240 (+0.337)
			After window merge - Memory: 19.240 (+0.000)
			After reverse shift & view - Memory: 19.240 (+0.000)
			After first residual - Memory: 19.240 (+0.000)
			After MLP + residual - Memory: 19.524 (+0.284)
		[Block 3] Memory allocated: 19.429
			SwinBlock Start - Memory: 19.429
			After norm1 - Memory: 19.477 (+0.048)
			After view reshape - Memory: 19.477 (+0.000)
			After cyclic shift - Memory: 19.477 (+0.000)
			After window partition - Memory: 19.524 (+0.047)
			After attention - Memory: 19.861 (+0.337)
			After window merge - Memory: 19.908 (+0.047)
			After reverse shift & view - Memory: 19.861 (+-0.047)
			After first residual - Memory: 19.908 (+0.047)
			After MLP + residual - Memory: 20.192 (+0.284)
		[Block 4] Memory allocated: 20.097
			SwinBlock Start - Memory: 20.097
			After norm1 - Memory: 20.145 (+0.048)
			After view reshape - Memory: 20.145 (+0.000)
			After cyclic shift - Memory: 20.192 (+0.047)
			After window partition - Memory: 20.239 (+0.047)
			After attention - Memory: 20.576 (+0.337)
			After window merge - Memory: 20.576 (+0.000)
			After reverse shift & view - Memory: 20.576 (+0.000)
			After first residual - Memory: 20.576 (+0.000)
			After MLP + residual - Memory: 20.861 (+0.285)
		[Block 5] Memory allocated: 20.766
	After residual_group - Memory allocated: 20.766
	After patch_unembed - Memory allocated: 20.766
	After conv - Memory allocated: 20.813
	After patch_embed - Memory allocated: 20.813
	After residual add - Memory allocated: 20.861
[RSTB 5] Memory allocated: 20.813
	Start - Memory allocated: 20.813
			SwinBlock Start - Memory: 20.813
			After norm1 - Memory: 20.861 (+0.048)
			After view reshape - Memory: 20.861 (+0.000)
			After cyclic shift - Memory: 20.861 (+0.000)
			After window partition - Memory: 20.909 (+0.048)
			After attention - Memory: 21.248 (+0.339)
			After window merge - Memory: 21.295 (+0.047)
			After reverse shift & view - Memory: 21.248 (+-0.047)
			After first residual - Memory: 21.295 (+0.047)
			After MLP + residual - Memory: 21.581 (+0.286)
		[Block 0] Memory allocated: 21.487
			SwinBlock Start - Memory: 21.487
			After norm1 - Memory: 21.534 (+0.048)
			After view reshape - Memory: 21.534 (+0.000)
			After cyclic shift - Memory: 21.581 (+0.047)
			After window partition - Memory: 21.629 (+0.047)
			After attention - Memory: 21.967 (+0.339)
			After window merge - Memory: 21.967 (+0.000)
			After reverse shift & view - Memory: 21.967 (+0.000)
			After first residual - Memory: 21.967 (+0.000)
			After MLP + residual - Memory: 22.253 (+0.286)
		[Block 1] Memory allocated: 22.158
			SwinBlock Start - Memory: 22.158
			After norm1 - Memory: 22.205 (+0.048)
			After view reshape - Memory: 22.205 (+0.000)
			After cyclic shift - Memory: 22.205 (+0.000)
			After window partition - Memory: 22.254 (+0.048)
			After attention - Memory: 22.592 (+0.339)
			After window merge - Memory: 22.639 (+0.047)
			After reverse shift & view - Memory: 22.592 (+-0.047)
			After first residual - Memory: 22.639 (+0.047)
			After MLP + residual - Memory: 22.925 (+0.286)
		[Block 2] Memory allocated: 22.831
			SwinBlock Start - Memory: 22.831
			After norm1 - Memory: 22.879 (+0.048)
			After view reshape - Memory: 22.879 (+0.000)
			After cyclic shift - Memory: 22.926 (+0.047)
			After window partition - Memory: 22.973 (+0.047)
			After attention - Memory: 23.312 (+0.339)
			After window merge - Memory: 23.312 (+0.000)
			After reverse shift & view - Memory: 23.312 (+0.000)
			After first residual - Memory: 23.312 (+0.000)
			After MLP + residual - Memory: 23.597 (+0.286)
		[Block 3] Memory allocated: 23.502
			SwinBlock Start - Memory: 23.502
			After norm1 - Memory: 23.550 (+0.048)
			After view reshape - Memory: 23.550 (+0.000)
			After cyclic shift - Memory: 23.550 (+0.000)
			After window partition - Memory: 23.598 (+0.048)
			After attention - Memory: 23.937 (+0.339)
			After window merge - Memory: 23.984 (+0.047)
			After reverse shift & view - Memory: 23.937 (+-0.047)
			After first residual - Memory: 23.984 (+0.047)
			After MLP + residual - Memory: 24.269 (+0.286)
		[Block 4] Memory allocated: 24.175
			SwinBlock Start - Memory: 24.175
			After norm1 - Memory: 24.223 (+0.048)
			After view reshape - Memory: 24.223 (+0.000)
			After cyclic shift - Memory: 24.270 (+0.047)
			After window partition - Memory: 24.317 (+0.047)
			After attention - Memory: 24.656 (+0.339)
			After window merge - Memory: 24.656 (+0.000)
			After reverse shift & view - Memory: 24.656 (+0.000)
			After first residual - Memory: 24.656 (+0.000)
			After MLP + residual - Memory: 24.942 (+0.286)
		[Block 5] Memory allocated: 24.846
	After residual_group - Memory allocated: 24.846
	After patch_unembed - Memory allocated: 24.846
	After conv - Memory allocated: 24.893
	After patch_embed - Memory allocated: 24.893
	After residual add - Memory allocated: 24.942
	[Batch 6] Memory allocated, after forward: 25.073 GB
	[Batch 6] Memory allocated, before backward: 25.076 GB
	[Batch 6] Memory allocated, after backward: 0.291 GB
	[Batch 6] Memory allocated, after optimizer: 0.291 GB
Batch index: 6...
	[Batch 7] Memory allocated, before forward: 0.242 GB
[RSTB 0] Memory allocated: 0.340
	Start - Memory allocated: 0.340
			SwinBlock Start - Memory: 0.340
			After norm1 - Memory: 0.389 (+0.049)
			After view reshape - Memory: 0.389 (+0.000)
			After cyclic shift - Memory: 0.389 (+0.000)
			After window partition - Memory: 0.437 (+0.048)
			After attention - Memory: 0.779 (+0.342)
			After window merge - Memory: 0.827 (+0.048)
			After reverse shift & view - Memory: 0.779 (+-0.048)
			After first residual - Memory: 0.827 (+0.048)
			After MLP + residual - Memory: 1.113 (+0.286)
		[Block 0] Memory allocated: 1.016
			SwinBlock Start - Memory: 1.016
			After norm1 - Memory: 1.065 (+0.049)
			After view reshape - Memory: 1.065 (+0.000)
			After cyclic shift - Memory: 1.113 (+0.048)
			After window partition - Memory: 1.161 (+0.048)
			After attention - Memory: 1.503 (+0.342)
			After window merge - Memory: 1.503 (+0.000)
			After reverse shift & view - Memory: 1.503 (+0.000)
			After first residual - Memory: 1.503 (+0.000)
			After MLP + residual - Memory: 1.789 (+0.286)
		[Block 1] Memory allocated: 1.693
			SwinBlock Start - Memory: 1.693
			After norm1 - Memory: 1.741 (+0.049)
			After view reshape - Memory: 1.741 (+0.000)
			After cyclic shift - Memory: 1.741 (+0.000)
			After window partition - Memory: 1.790 (+0.048)
			After attention - Memory: 2.131 (+0.342)
			After window merge - Memory: 2.180 (+0.048)
			After reverse shift & view - Memory: 2.131 (+-0.048)
			After first residual - Memory: 2.180 (+0.048)
			After MLP + residual - Memory: 2.465 (+0.286)
		[Block 2] Memory allocated: 2.369
			SwinBlock Start - Memory: 2.369
			After norm1 - Memory: 2.418 (+0.049)
			After view reshape - Memory: 2.418 (+0.000)
			After cyclic shift - Memory: 2.466 (+0.048)
			After window partition - Memory: 2.514 (+0.048)
			After attention - Memory: 2.856 (+0.342)
			After window merge - Memory: 2.856 (+0.000)
			After reverse shift & view - Memory: 2.856 (+0.000)
			After first residual - Memory: 2.856 (+0.000)
			After MLP + residual - Memory: 3.142 (+0.286)
		[Block 3] Memory allocated: 3.045
			SwinBlock Start - Memory: 3.045
			After norm1 - Memory: 3.094 (+0.049)
			After view reshape - Memory: 3.094 (+0.000)
			After cyclic shift - Memory: 3.094 (+0.000)
			After window partition - Memory: 3.142 (+0.048)
			After attention - Memory: 3.484 (+0.342)
			After window merge - Memory: 3.532 (+0.048)
			After reverse shift & view - Memory: 3.484 (+-0.048)
			After first residual - Memory: 3.532 (+0.048)
			After MLP + residual - Memory: 3.818 (+0.286)
		[Block 4] Memory allocated: 3.722
			SwinBlock Start - Memory: 3.722
			After norm1 - Memory: 3.770 (+0.049)
			After view reshape - Memory: 3.770 (+0.000)
			After cyclic shift - Memory: 3.819 (+0.048)
			After window partition - Memory: 3.867 (+0.048)
			After attention - Memory: 4.209 (+0.342)
			After window merge - Memory: 4.209 (+0.000)
			After reverse shift & view - Memory: 4.209 (+0.000)
			After first residual - Memory: 4.209 (+0.000)
			After MLP + residual - Memory: 4.494 (+0.286)
		[Block 5] Memory allocated: 4.398
	After residual_group - Memory allocated: 4.398
	After patch_unembed - Memory allocated: 4.398
	After conv - Memory allocated: 4.446
	After patch_embed - Memory allocated: 4.446
	After residual add - Memory allocated: 4.494
[RSTB 1] Memory allocated: 4.446
	Start - Memory allocated: 4.446
			SwinBlock Start - Memory: 4.446
			After norm1 - Memory: 4.495 (+0.049)
			After view reshape - Memory: 4.495 (+0.000)
			After cyclic shift - Memory: 4.495 (+0.000)
			After window partition - Memory: 4.543 (+0.048)
			After attention - Memory: 4.885 (+0.342)
			After window merge - Memory: 4.933 (+0.048)
			After reverse shift & view - Memory: 4.885 (+-0.048)
			After first residual - Memory: 4.933 (+0.048)
			After MLP + residual - Memory: 5.219 (+0.286)
		[Block 0] Memory allocated: 5.122
			SwinBlock Start - Memory: 5.122
			After norm1 - Memory: 5.171 (+0.049)
			After view reshape - Memory: 5.171 (+0.000)
			After cyclic shift - Memory: 5.219 (+0.048)
			After window partition - Memory: 5.268 (+0.048)
			After attention - Memory: 5.610 (+0.342)
			After window merge - Memory: 5.610 (+0.000)
			After reverse shift & view - Memory: 5.610 (+0.000)
			After first residual - Memory: 5.610 (+0.000)
			After MLP + residual - Memory: 5.895 (+0.286)
		[Block 1] Memory allocated: 5.799
			SwinBlock Start - Memory: 5.799
			After norm1 - Memory: 5.848 (+0.049)
			After view reshape - Memory: 5.848 (+0.000)
			After cyclic shift - Memory: 5.848 (+0.000)
			After window partition - Memory: 5.896 (+0.048)
			After attention - Memory: 6.238 (+0.342)
			After window merge - Memory: 6.286 (+0.048)
			After reverse shift & view - Memory: 6.238 (+-0.048)
			After first residual - Memory: 6.286 (+0.048)
			After MLP + residual - Memory: 6.572 (+0.286)
		[Block 2] Memory allocated: 6.475
			SwinBlock Start - Memory: 6.475
			After norm1 - Memory: 6.524 (+0.049)
			After view reshape - Memory: 6.524 (+0.000)
			After cyclic shift - Memory: 6.572 (+0.048)
			After window partition - Memory: 6.620 (+0.048)
			After attention - Memory: 6.962 (+0.342)
			After window merge - Memory: 6.962 (+0.000)
			After reverse shift & view - Memory: 6.962 (+0.000)
			After first residual - Memory: 6.962 (+0.000)
			After MLP + residual - Memory: 7.248 (+0.286)
		[Block 3] Memory allocated: 7.151
			SwinBlock Start - Memory: 7.151
			After norm1 - Memory: 7.200 (+0.049)
			After view reshape - Memory: 7.200 (+0.000)
			After cyclic shift - Memory: 7.200 (+0.000)
			After window partition - Memory: 7.248 (+0.048)
			After attention - Memory: 7.590 (+0.342)
			After window merge - Memory: 7.639 (+0.048)
			After reverse shift & view - Memory: 7.590 (+-0.048)
			After first residual - Memory: 7.639 (+0.048)
			After MLP + residual - Memory: 7.924 (+0.286)
		[Block 4] Memory allocated: 7.828
			SwinBlock Start - Memory: 7.828
			After norm1 - Memory: 7.877 (+0.049)
			After view reshape - Memory: 7.877 (+0.000)
			After cyclic shift - Memory: 7.925 (+0.048)
			After window partition - Memory: 7.973 (+0.048)
			After attention - Memory: 8.315 (+0.342)
			After window merge - Memory: 8.315 (+0.000)
			After reverse shift & view - Memory: 8.315 (+0.000)
			After first residual - Memory: 8.315 (+0.000)
			After MLP + residual - Memory: 8.601 (+0.286)
		[Block 5] Memory allocated: 8.504
	After residual_group - Memory allocated: 8.504
	After patch_unembed - Memory allocated: 8.504
	After conv - Memory allocated: 8.552
	After patch_embed - Memory allocated: 8.552
	After residual add - Memory allocated: 8.601
[RSTB 2] Memory allocated: 8.552
	Start - Memory allocated: 8.552
			SwinBlock Start - Memory: 8.552
			After norm1 - Memory: 8.601 (+0.049)
			After view reshape - Memory: 8.601 (+0.000)
			After cyclic shift - Memory: 8.601 (+0.000)
			After window partition - Memory: 8.649 (+0.048)
			After attention - Memory: 8.991 (+0.342)
			After window merge - Memory: 9.039 (+0.048)
			After reverse shift & view - Memory: 8.991 (+-0.048)
			After first residual - Memory: 9.039 (+0.048)
			After MLP + residual - Memory: 9.325 (+0.286)
		[Block 0] Memory allocated: 9.229
			SwinBlock Start - Memory: 9.229
			After norm1 - Memory: 9.277 (+0.049)
			After view reshape - Memory: 9.277 (+0.000)
			After cyclic shift - Memory: 9.326 (+0.048)
			After window partition - Memory: 9.374 (+0.048)
			After attention - Memory: 9.716 (+0.342)
			After window merge - Memory: 9.716 (+0.000)
			After reverse shift & view - Memory: 9.716 (+0.000)
			After first residual - Memory: 9.716 (+0.000)
			After MLP + residual - Memory: 10.001 (+0.286)
		[Block 1] Memory allocated: 9.905
			SwinBlock Start - Memory: 9.905
			After norm1 - Memory: 9.954 (+0.049)
			After view reshape - Memory: 9.954 (+0.000)
			After cyclic shift - Memory: 9.954 (+0.000)
			After window partition - Memory: 10.002 (+0.048)
			After attention - Memory: 10.344 (+0.342)
			After window merge - Memory: 10.392 (+0.048)
			After reverse shift & view - Memory: 10.344 (+-0.048)
			After first residual - Memory: 10.392 (+0.048)
			After MLP + residual - Memory: 10.678 (+0.286)
		[Block 2] Memory allocated: 10.581
			SwinBlock Start - Memory: 10.581
			After norm1 - Memory: 10.630 (+0.049)
			After view reshape - Memory: 10.630 (+0.000)
			After cyclic shift - Memory: 10.678 (+0.048)
			After window partition - Memory: 10.727 (+0.048)
			After attention - Memory: 11.068 (+0.342)
			After window merge - Memory: 11.068 (+0.000)
			After reverse shift & view - Memory: 11.068 (+0.000)
			After first residual - Memory: 11.068 (+0.000)
			After MLP + residual - Memory: 11.354 (+0.286)
		[Block 3] Memory allocated: 11.258
			SwinBlock Start - Memory: 11.258
			After norm1 - Memory: 11.306 (+0.049)
			After view reshape - Memory: 11.306 (+0.000)
			After cyclic shift - Memory: 11.306 (+0.000)
			After window partition - Memory: 11.355 (+0.048)
			After attention - Memory: 11.697 (+0.342)
			After window merge - Memory: 11.745 (+0.048)
			After reverse shift & view - Memory: 11.697 (+-0.048)
			After first residual - Memory: 11.745 (+0.048)
			After MLP + residual - Memory: 12.030 (+0.286)
		[Block 4] Memory allocated: 11.934
			SwinBlock Start - Memory: 11.934
			After norm1 - Memory: 11.983 (+0.049)
			After view reshape - Memory: 11.983 (+0.000)
			After cyclic shift - Memory: 12.031 (+0.048)
			After window partition - Memory: 12.079 (+0.048)
			After attention - Memory: 12.421 (+0.342)
			After window merge - Memory: 12.421 (+0.000)
			After reverse shift & view - Memory: 12.421 (+0.000)
			After first residual - Memory: 12.421 (+0.000)
			After MLP + residual - Memory: 12.707 (+0.286)
		[Block 5] Memory allocated: 12.610
	After residual_group - Memory allocated: 12.610
	After patch_unembed - Memory allocated: 12.610
	After conv - Memory allocated: 12.659
	After patch_embed - Memory allocated: 12.659
	After residual add - Memory allocated: 12.707
[RSTB 3] Memory allocated: 12.659
	Start - Memory allocated: 12.659
			SwinBlock Start - Memory: 12.659
			After norm1 - Memory: 12.707 (+0.049)
			After view reshape - Memory: 12.707 (+0.000)
			After cyclic shift - Memory: 12.707 (+0.000)
			After window partition - Memory: 12.756 (+0.048)
			After attention - Memory: 13.097 (+0.342)
			After window merge - Memory: 13.146 (+0.048)
			After reverse shift & view - Memory: 13.097 (+-0.048)
			After first residual - Memory: 13.146 (+0.048)
			After MLP + residual - Memory: 13.431 (+0.286)
		[Block 0] Memory allocated: 13.335
			SwinBlock Start - Memory: 13.335
			After norm1 - Memory: 13.384 (+0.049)
			After view reshape - Memory: 13.384 (+0.000)
			After cyclic shift - Memory: 13.432 (+0.048)
			After window partition - Memory: 13.480 (+0.048)
			After attention - Memory: 13.822 (+0.342)
			After window merge - Memory: 13.822 (+0.000)
			After reverse shift & view - Memory: 13.822 (+0.000)
			After first residual - Memory: 13.822 (+0.000)
			After MLP + residual - Memory: 14.108 (+0.286)
		[Block 1] Memory allocated: 14.011
			SwinBlock Start - Memory: 14.011
			After norm1 - Memory: 14.060 (+0.049)
			After view reshape - Memory: 14.060 (+0.000)
			After cyclic shift - Memory: 14.060 (+0.000)
			After window partition - Memory: 14.108 (+0.048)
			After attention - Memory: 14.450 (+0.342)
			After window merge - Memory: 14.498 (+0.048)
			After reverse shift & view - Memory: 14.450 (+-0.048)
			After first residual - Memory: 14.498 (+0.048)
			After MLP + residual - Memory: 14.784 (+0.286)
		[Block 2] Memory allocated: 14.688
			SwinBlock Start - Memory: 14.688
			After norm1 - Memory: 14.736 (+0.049)
			After view reshape - Memory: 14.736 (+0.000)
			After cyclic shift - Memory: 14.785 (+0.048)
			After window partition - Memory: 14.833 (+0.048)
			After attention - Memory: 15.175 (+0.342)
			After window merge - Memory: 15.175 (+0.000)
			After reverse shift & view - Memory: 15.175 (+0.000)
			After first residual - Memory: 15.175 (+0.000)
			After MLP + residual - Memory: 15.460 (+0.286)
		[Block 3] Memory allocated: 15.364
			SwinBlock Start - Memory: 15.364
			After norm1 - Memory: 15.413 (+0.049)
			After view reshape - Memory: 15.413 (+0.000)
			After cyclic shift - Memory: 15.413 (+0.000)
			After window partition - Memory: 15.461 (+0.048)
			After attention - Memory: 15.803 (+0.342)
			After window merge - Memory: 15.851 (+0.048)
			After reverse shift & view - Memory: 15.803 (+-0.048)
			After first residual - Memory: 15.851 (+0.048)
			After MLP + residual - Memory: 16.137 (+0.286)
		[Block 4] Memory allocated: 16.040
			SwinBlock Start - Memory: 16.040
			After norm1 - Memory: 16.089 (+0.049)
			After view reshape - Memory: 16.089 (+0.000)
			After cyclic shift - Memory: 16.136 (+0.047)
			After window partition - Memory: 16.184 (+0.048)
			After attention - Memory: 16.521 (+0.337)
			After window merge - Memory: 16.521 (+0.000)
			After reverse shift & view - Memory: 16.520 (+-0.001)
			After first residual - Memory: 16.520 (+0.000)
			After MLP + residual - Memory: 16.805 (+0.285)
		[Block 5] Memory allocated: 16.710
	After residual_group - Memory allocated: 16.710
	After patch_unembed - Memory allocated: 16.710
	After conv - Memory allocated: 16.757
	After patch_embed - Memory allocated: 16.757
	After residual add - Memory allocated: 16.805
[RSTB 4] Memory allocated: 16.757
	Start - Memory allocated: 16.757
			SwinBlock Start - Memory: 16.757
			After norm1 - Memory: 16.805 (+0.048)
			After view reshape - Memory: 16.805 (+0.000)
			After cyclic shift - Memory: 16.805 (+0.000)
			After window partition - Memory: 16.852 (+0.047)
			After attention - Memory: 17.189 (+0.337)
			After window merge - Memory: 17.236 (+0.047)
			After reverse shift & view - Memory: 17.189 (+-0.047)
			After first residual - Memory: 17.236 (+0.047)
			After MLP + residual - Memory: 17.520 (+0.284)
		[Block 0] Memory allocated: 17.425
			SwinBlock Start - Memory: 17.425
			After norm1 - Memory: 17.473 (+0.048)
			After view reshape - Memory: 17.473 (+0.000)
			After cyclic shift - Memory: 17.520 (+0.047)
			After window partition - Memory: 17.567 (+0.047)
			After attention - Memory: 17.904 (+0.337)
			After window merge - Memory: 17.904 (+0.000)
			After reverse shift & view - Memory: 17.904 (+0.000)
			After first residual - Memory: 17.904 (+0.000)
			After MLP + residual - Memory: 18.188 (+0.284)
		[Block 1] Memory allocated: 18.093
			SwinBlock Start - Memory: 18.093
			After norm1 - Memory: 18.141 (+0.048)
			After view reshape - Memory: 18.141 (+0.000)
			After cyclic shift - Memory: 18.141 (+0.000)
			After window partition - Memory: 18.188 (+0.047)
			After attention - Memory: 18.525 (+0.337)
			After window merge - Memory: 18.572 (+0.047)
			After reverse shift & view - Memory: 18.525 (+-0.047)
			After first residual - Memory: 18.572 (+0.047)
			After MLP + residual - Memory: 18.856 (+0.284)
		[Block 2] Memory allocated: 18.761
			SwinBlock Start - Memory: 18.761
			After norm1 - Memory: 18.809 (+0.048)
			After view reshape - Memory: 18.809 (+0.000)
			After cyclic shift - Memory: 18.856 (+0.047)
			After window partition - Memory: 18.903 (+0.047)
			After attention - Memory: 19.240 (+0.337)
			After window merge - Memory: 19.240 (+0.000)
			After reverse shift & view - Memory: 19.240 (+0.000)
			After first residual - Memory: 19.240 (+0.000)
			After MLP + residual - Memory: 19.524 (+0.284)
		[Block 3] Memory allocated: 19.429
			SwinBlock Start - Memory: 19.429
			After norm1 - Memory: 19.477 (+0.048)
			After view reshape - Memory: 19.477 (+0.000)
			After cyclic shift - Memory: 19.477 (+0.000)
			After window partition - Memory: 19.524 (+0.047)
			After attention - Memory: 19.861 (+0.337)
			After window merge - Memory: 19.908 (+0.047)
			After reverse shift & view - Memory: 19.861 (+-0.047)
			After first residual - Memory: 19.908 (+0.047)
			After MLP + residual - Memory: 20.192 (+0.284)
		[Block 4] Memory allocated: 20.097
			SwinBlock Start - Memory: 20.097
			After norm1 - Memory: 20.145 (+0.048)
			After view reshape - Memory: 20.145 (+0.000)
			After cyclic shift - Memory: 20.192 (+0.047)
			After window partition - Memory: 20.239 (+0.047)
			After attention - Memory: 20.576 (+0.337)
			After window merge - Memory: 20.576 (+0.000)
			After reverse shift & view - Memory: 20.576 (+0.000)
			After first residual - Memory: 20.576 (+0.000)
			After MLP + residual - Memory: 20.861 (+0.285)
		[Block 5] Memory allocated: 20.766
	After residual_group - Memory allocated: 20.766
	After patch_unembed - Memory allocated: 20.766
	After conv - Memory allocated: 20.813
	After patch_embed - Memory allocated: 20.813
	After residual add - Memory allocated: 20.861
[RSTB 5] Memory allocated: 20.813
	Start - Memory allocated: 20.813
			SwinBlock Start - Memory: 20.813
			After norm1 - Memory: 20.861 (+0.048)
			After view reshape - Memory: 20.861 (+0.000)
			After cyclic shift - Memory: 20.861 (+0.000)
			After window partition - Memory: 20.909 (+0.048)
			After attention - Memory: 21.248 (+0.339)
			After window merge - Memory: 21.295 (+0.047)
			After reverse shift & view - Memory: 21.248 (+-0.047)
			After first residual - Memory: 21.295 (+0.047)
			After MLP + residual - Memory: 21.581 (+0.286)
		[Block 0] Memory allocated: 21.487
			SwinBlock Start - Memory: 21.487
			After norm1 - Memory: 21.534 (+0.048)
			After view reshape - Memory: 21.534 (+0.000)
			After cyclic shift - Memory: 21.581 (+0.047)
			After window partition - Memory: 21.629 (+0.047)
			After attention - Memory: 21.967 (+0.339)
			After window merge - Memory: 21.967 (+0.000)
			After reverse shift & view - Memory: 21.967 (+0.000)
			After first residual - Memory: 21.967 (+0.000)
			After MLP + residual - Memory: 22.253 (+0.286)
		[Block 1] Memory allocated: 22.158
			SwinBlock Start - Memory: 22.158
			After norm1 - Memory: 22.205 (+0.048)
			After view reshape - Memory: 22.205 (+0.000)
			After cyclic shift - Memory: 22.205 (+0.000)
			After window partition - Memory: 22.254 (+0.048)
			After attention - Memory: 22.592 (+0.339)
			After window merge - Memory: 22.639 (+0.047)
			After reverse shift & view - Memory: 22.592 (+-0.047)
			After first residual - Memory: 22.639 (+0.047)
			After MLP + residual - Memory: 22.925 (+0.286)
		[Block 2] Memory allocated: 22.831
			SwinBlock Start - Memory: 22.831
			After norm1 - Memory: 22.879 (+0.048)
			After view reshape - Memory: 22.879 (+0.000)
			After cyclic shift - Memory: 22.926 (+0.047)
			After window partition - Memory: 22.973 (+0.047)
			After attention - Memory: 23.312 (+0.339)
			After window merge - Memory: 23.312 (+0.000)
			After reverse shift & view - Memory: 23.312 (+0.000)
			After first residual - Memory: 23.312 (+0.000)
			After MLP + residual - Memory: 23.597 (+0.286)
		[Block 3] Memory allocated: 23.502
			SwinBlock Start - Memory: 23.502
			After norm1 - Memory: 23.550 (+0.048)
			After view reshape - Memory: 23.550 (+0.000)
			After cyclic shift - Memory: 23.550 (+0.000)
			After window partition - Memory: 23.598 (+0.048)
			After attention - Memory: 23.937 (+0.339)
			After window merge - Memory: 23.984 (+0.047)
			After reverse shift & view - Memory: 23.937 (+-0.047)
			After first residual - Memory: 23.984 (+0.047)
			After MLP + residual - Memory: 24.269 (+0.286)
		[Block 4] Memory allocated: 24.175
			SwinBlock Start - Memory: 24.175
			After norm1 - Memory: 24.223 (+0.048)
			After view reshape - Memory: 24.223 (+0.000)
			After cyclic shift - Memory: 24.270 (+0.047)
			After window partition - Memory: 24.317 (+0.047)
			After attention - Memory: 24.656 (+0.339)
			After window merge - Memory: 24.656 (+0.000)
			After reverse shift & view - Memory: 24.656 (+0.000)
			After first residual - Memory: 24.656 (+0.000)
			After MLP + residual - Memory: 24.942 (+0.286)
		[Block 5] Memory allocated: 24.846
	After residual_group - Memory allocated: 24.846
	After patch_unembed - Memory allocated: 24.846
	After conv - Memory allocated: 24.893
	After patch_embed - Memory allocated: 24.893
	After residual add - Memory allocated: 24.942
	[Batch 7] Memory allocated, after forward: 25.073 GB
	[Batch 7] Memory allocated, before backward: 25.076 GB
	[Batch 7] Memory allocated, after backward: 0.291 GB
	[Batch 7] Memory allocated, after optimizer: 0.291 GB
Batch index: 7...
	[Batch 8] Memory allocated, before forward: 0.242 GB
[RSTB 0] Memory allocated: 0.340
	Start - Memory allocated: 0.340
			SwinBlock Start - Memory: 0.340
			After norm1 - Memory: 0.389 (+0.049)
			After view reshape - Memory: 0.389 (+0.000)
			After cyclic shift - Memory: 0.389 (+0.000)
			After window partition - Memory: 0.437 (+0.048)
			After attention - Memory: 0.779 (+0.342)
			After window merge - Memory: 0.827 (+0.048)
			After reverse shift & view - Memory: 0.779 (+-0.048)
			After first residual - Memory: 0.827 (+0.048)
			After MLP + residual - Memory: 1.113 (+0.286)
		[Block 0] Memory allocated: 1.016
			SwinBlock Start - Memory: 1.016
			After norm1 - Memory: 1.065 (+0.049)
			After view reshape - Memory: 1.065 (+0.000)
			After cyclic shift - Memory: 1.113 (+0.048)
			After window partition - Memory: 1.161 (+0.048)
			After attention - Memory: 1.503 (+0.342)
			After window merge - Memory: 1.503 (+0.000)
			After reverse shift & view - Memory: 1.503 (+0.000)
			After first residual - Memory: 1.503 (+0.000)
			After MLP + residual - Memory: 1.789 (+0.286)
		[Block 1] Memory allocated: 1.693
			SwinBlock Start - Memory: 1.693
			After norm1 - Memory: 1.741 (+0.049)
			After view reshape - Memory: 1.741 (+0.000)
			After cyclic shift - Memory: 1.741 (+0.000)
			After window partition - Memory: 1.790 (+0.048)
			After attention - Memory: 2.131 (+0.342)
			After window merge - Memory: 2.180 (+0.048)
			After reverse shift & view - Memory: 2.131 (+-0.048)
			After first residual - Memory: 2.180 (+0.048)
			After MLP + residual - Memory: 2.465 (+0.286)
		[Block 2] Memory allocated: 2.369
			SwinBlock Start - Memory: 2.369
			After norm1 - Memory: 2.418 (+0.049)
			After view reshape - Memory: 2.418 (+0.000)
			After cyclic shift - Memory: 2.466 (+0.048)
			After window partition - Memory: 2.514 (+0.048)
			After attention - Memory: 2.856 (+0.342)
			After window merge - Memory: 2.856 (+0.000)
			After reverse shift & view - Memory: 2.856 (+0.000)
			After first residual - Memory: 2.856 (+0.000)
			After MLP + residual - Memory: 3.142 (+0.286)
		[Block 3] Memory allocated: 3.045
			SwinBlock Start - Memory: 3.045
			After norm1 - Memory: 3.094 (+0.049)
			After view reshape - Memory: 3.094 (+0.000)
			After cyclic shift - Memory: 3.094 (+0.000)
			After window partition - Memory: 3.142 (+0.048)
			After attention - Memory: 3.484 (+0.342)
			After window merge - Memory: 3.532 (+0.048)
			After reverse shift & view - Memory: 3.484 (+-0.048)
			After first residual - Memory: 3.532 (+0.048)
			After MLP + residual - Memory: 3.818 (+0.286)
		[Block 4] Memory allocated: 3.722
			SwinBlock Start - Memory: 3.722
			After norm1 - Memory: 3.770 (+0.049)
			After view reshape - Memory: 3.770 (+0.000)
			After cyclic shift - Memory: 3.819 (+0.048)
			After window partition - Memory: 3.867 (+0.048)
			After attention - Memory: 4.209 (+0.342)
			After window merge - Memory: 4.209 (+0.000)
			After reverse shift & view - Memory: 4.209 (+0.000)
			After first residual - Memory: 4.209 (+0.000)
			After MLP + residual - Memory: 4.494 (+0.286)
		[Block 5] Memory allocated: 4.398
	After residual_group - Memory allocated: 4.398
	After patch_unembed - Memory allocated: 4.398
	After conv - Memory allocated: 4.446
	After patch_embed - Memory allocated: 4.446
	After residual add - Memory allocated: 4.494
[RSTB 1] Memory allocated: 4.446
	Start - Memory allocated: 4.446
			SwinBlock Start - Memory: 4.446
			After norm1 - Memory: 4.495 (+0.049)
			After view reshape - Memory: 4.495 (+0.000)
			After cyclic shift - Memory: 4.495 (+0.000)
			After window partition - Memory: 4.543 (+0.048)
			After attention - Memory: 4.885 (+0.342)
			After window merge - Memory: 4.933 (+0.048)
			After reverse shift & view - Memory: 4.885 (+-0.048)
			After first residual - Memory: 4.933 (+0.048)
			After MLP + residual - Memory: 5.219 (+0.286)
		[Block 0] Memory allocated: 5.122
			SwinBlock Start - Memory: 5.122
			After norm1 - Memory: 5.171 (+0.049)
			After view reshape - Memory: 5.171 (+0.000)
			After cyclic shift - Memory: 5.219 (+0.048)
			After window partition - Memory: 5.268 (+0.048)
			After attention - Memory: 5.610 (+0.342)
			After window merge - Memory: 5.610 (+0.000)
			After reverse shift & view - Memory: 5.610 (+0.000)
			After first residual - Memory: 5.610 (+0.000)
			After MLP + residual - Memory: 5.895 (+0.286)
		[Block 1] Memory allocated: 5.799
			SwinBlock Start - Memory: 5.799
			After norm1 - Memory: 5.848 (+0.049)
			After view reshape - Memory: 5.848 (+0.000)
			After cyclic shift - Memory: 5.848 (+0.000)
			After window partition - Memory: 5.896 (+0.048)
			After attention - Memory: 6.238 (+0.342)
			After window merge - Memory: 6.286 (+0.048)
			After reverse shift & view - Memory: 6.238 (+-0.048)
			After first residual - Memory: 6.286 (+0.048)
			After MLP + residual - Memory: 6.572 (+0.286)
		[Block 2] Memory allocated: 6.475
			SwinBlock Start - Memory: 6.475
			After norm1 - Memory: 6.524 (+0.049)
			After view reshape - Memory: 6.524 (+0.000)
			After cyclic shift - Memory: 6.572 (+0.048)
			After window partition - Memory: 6.620 (+0.048)
			After attention - Memory: 6.962 (+0.342)
			After window merge - Memory: 6.962 (+0.000)
			After reverse shift & view - Memory: 6.962 (+0.000)
			After first residual - Memory: 6.962 (+0.000)
			After MLP + residual - Memory: 7.248 (+0.286)
		[Block 3] Memory allocated: 7.151
			SwinBlock Start - Memory: 7.151
			After norm1 - Memory: 7.200 (+0.049)
			After view reshape - Memory: 7.200 (+0.000)
			After cyclic shift - Memory: 7.200 (+0.000)
			After window partition - Memory: 7.248 (+0.048)
			After attention - Memory: 7.590 (+0.342)
			After window merge - Memory: 7.639 (+0.048)
			After reverse shift & view - Memory: 7.590 (+-0.048)
			After first residual - Memory: 7.639 (+0.048)
			After MLP + residual - Memory: 7.924 (+0.286)
		[Block 4] Memory allocated: 7.828
			SwinBlock Start - Memory: 7.828
			After norm1 - Memory: 7.877 (+0.049)
			After view reshape - Memory: 7.877 (+0.000)
			After cyclic shift - Memory: 7.925 (+0.048)
			After window partition - Memory: 7.973 (+0.048)
			After attention - Memory: 8.315 (+0.342)
			After window merge - Memory: 8.315 (+0.000)
			After reverse shift & view - Memory: 8.315 (+0.000)
			After first residual - Memory: 8.315 (+0.000)
			After MLP + residual - Memory: 8.601 (+0.286)
		[Block 5] Memory allocated: 8.504
	After residual_group - Memory allocated: 8.504
	After patch_unembed - Memory allocated: 8.504
	After conv - Memory allocated: 8.552
	After patch_embed - Memory allocated: 8.552
	After residual add - Memory allocated: 8.601
[RSTB 2] Memory allocated: 8.552
	Start - Memory allocated: 8.552
			SwinBlock Start - Memory: 8.552
			After norm1 - Memory: 8.601 (+0.049)
			After view reshape - Memory: 8.601 (+0.000)
			After cyclic shift - Memory: 8.601 (+0.000)
			After window partition - Memory: 8.649 (+0.048)
			After attention - Memory: 8.991 (+0.342)
			After window merge - Memory: 9.039 (+0.048)
			After reverse shift & view - Memory: 8.991 (+-0.048)
			After first residual - Memory: 9.039 (+0.048)
			After MLP + residual - Memory: 9.325 (+0.286)
		[Block 0] Memory allocated: 9.229
			SwinBlock Start - Memory: 9.229
			After norm1 - Memory: 9.277 (+0.049)
			After view reshape - Memory: 9.277 (+0.000)
			After cyclic shift - Memory: 9.326 (+0.048)
			After window partition - Memory: 9.374 (+0.048)
			After attention - Memory: 9.716 (+0.342)
			After window merge - Memory: 9.716 (+0.000)
			After reverse shift & view - Memory: 9.716 (+0.000)
			After first residual - Memory: 9.716 (+0.000)
			After MLP + residual - Memory: 10.001 (+0.286)
		[Block 1] Memory allocated: 9.905
			SwinBlock Start - Memory: 9.905
			After norm1 - Memory: 9.954 (+0.049)
			After view reshape - Memory: 9.954 (+0.000)
			After cyclic shift - Memory: 9.954 (+0.000)
			After window partition - Memory: 10.002 (+0.048)
			After attention - Memory: 10.344 (+0.342)
			After window merge - Memory: 10.392 (+0.048)
			After reverse shift & view - Memory: 10.344 (+-0.048)
			After first residual - Memory: 10.392 (+0.048)
			After MLP + residual - Memory: 10.678 (+0.286)
		[Block 2] Memory allocated: 10.581
			SwinBlock Start - Memory: 10.581
			After norm1 - Memory: 10.630 (+0.049)
			After view reshape - Memory: 10.630 (+0.000)
			After cyclic shift - Memory: 10.678 (+0.048)
			After window partition - Memory: 10.727 (+0.048)
			After attention - Memory: 11.068 (+0.342)
			After window merge - Memory: 11.068 (+0.000)
			After reverse shift & view - Memory: 11.068 (+0.000)
			After first residual - Memory: 11.068 (+0.000)
			After MLP + residual - Memory: 11.354 (+0.286)
		[Block 3] Memory allocated: 11.258
			SwinBlock Start - Memory: 11.258
			After norm1 - Memory: 11.306 (+0.049)
			After view reshape - Memory: 11.306 (+0.000)
			After cyclic shift - Memory: 11.306 (+0.000)
			After window partition - Memory: 11.355 (+0.048)
			After attention - Memory: 11.697 (+0.342)
			After window merge - Memory: 11.745 (+0.048)
			After reverse shift & view - Memory: 11.697 (+-0.048)
			After first residual - Memory: 11.745 (+0.048)
			After MLP + residual - Memory: 12.030 (+0.286)
		[Block 4] Memory allocated: 11.934
			SwinBlock Start - Memory: 11.934
			After norm1 - Memory: 11.983 (+0.049)
			After view reshape - Memory: 11.983 (+0.000)
			After cyclic shift - Memory: 12.031 (+0.048)
			After window partition - Memory: 12.079 (+0.048)
			After attention - Memory: 12.421 (+0.342)
			After window merge - Memory: 12.421 (+0.000)
			After reverse shift & view - Memory: 12.421 (+0.000)
			After first residual - Memory: 12.421 (+0.000)
			After MLP + residual - Memory: 12.707 (+0.286)
		[Block 5] Memory allocated: 12.610
	After residual_group - Memory allocated: 12.610
	After patch_unembed - Memory allocated: 12.610
	After conv - Memory allocated: 12.659
	After patch_embed - Memory allocated: 12.659
	After residual add - Memory allocated: 12.707
[RSTB 3] Memory allocated: 12.659
	Start - Memory allocated: 12.659
			SwinBlock Start - Memory: 12.659
			After norm1 - Memory: 12.707 (+0.049)
			After view reshape - Memory: 12.707 (+0.000)
			After cyclic shift - Memory: 12.707 (+0.000)
			After window partition - Memory: 12.756 (+0.048)
			After attention - Memory: 13.097 (+0.342)
			After window merge - Memory: 13.146 (+0.048)
			After reverse shift & view - Memory: 13.097 (+-0.048)
			After first residual - Memory: 13.146 (+0.048)
			After MLP + residual - Memory: 13.431 (+0.286)
		[Block 0] Memory allocated: 13.335
			SwinBlock Start - Memory: 13.335
			After norm1 - Memory: 13.384 (+0.049)
			After view reshape - Memory: 13.384 (+0.000)
			After cyclic shift - Memory: 13.432 (+0.048)
			After window partition - Memory: 13.480 (+0.048)
			After attention - Memory: 13.822 (+0.342)
			After window merge - Memory: 13.822 (+0.000)
			After reverse shift & view - Memory: 13.822 (+0.000)
			After first residual - Memory: 13.822 (+0.000)
			After MLP + residual - Memory: 14.108 (+0.286)
		[Block 1] Memory allocated: 14.011
			SwinBlock Start - Memory: 14.011
			After norm1 - Memory: 14.060 (+0.049)
			After view reshape - Memory: 14.060 (+0.000)
			After cyclic shift - Memory: 14.060 (+0.000)
			After window partition - Memory: 14.108 (+0.048)
			After attention - Memory: 14.450 (+0.342)
			After window merge - Memory: 14.498 (+0.048)
			After reverse shift & view - Memory: 14.450 (+-0.048)
			After first residual - Memory: 14.498 (+0.048)
			After MLP + residual - Memory: 14.784 (+0.286)
		[Block 2] Memory allocated: 14.688
			SwinBlock Start - Memory: 14.688
			After norm1 - Memory: 14.736 (+0.049)
			After view reshape - Memory: 14.736 (+0.000)
			After cyclic shift - Memory: 14.785 (+0.048)
			After window partition - Memory: 14.833 (+0.048)
			After attention - Memory: 15.175 (+0.342)
			After window merge - Memory: 15.175 (+0.000)
			After reverse shift & view - Memory: 15.175 (+0.000)
			After first residual - Memory: 15.175 (+0.000)
			After MLP + residual - Memory: 15.460 (+0.286)
		[Block 3] Memory allocated: 15.364
			SwinBlock Start - Memory: 15.364
			After norm1 - Memory: 15.413 (+0.049)
			After view reshape - Memory: 15.413 (+0.000)
			After cyclic shift - Memory: 15.413 (+0.000)
			After window partition - Memory: 15.461 (+0.048)
			After attention - Memory: 15.803 (+0.342)
			After window merge - Memory: 15.851 (+0.048)
			After reverse shift & view - Memory: 15.803 (+-0.048)
			After first residual - Memory: 15.851 (+0.048)
			After MLP + residual - Memory: 16.137 (+0.286)
		[Block 4] Memory allocated: 16.040
			SwinBlock Start - Memory: 16.040
			After norm1 - Memory: 16.089 (+0.049)
			After view reshape - Memory: 16.089 (+0.000)
			After cyclic shift - Memory: 16.136 (+0.047)
			After window partition - Memory: 16.184 (+0.048)
			After attention - Memory: 16.521 (+0.337)
			After window merge - Memory: 16.521 (+0.000)
			After reverse shift & view - Memory: 16.520 (+-0.001)
			After first residual - Memory: 16.520 (+0.000)
			After MLP + residual - Memory: 16.805 (+0.285)
		[Block 5] Memory allocated: 16.710
	After residual_group - Memory allocated: 16.710
	After patch_unembed - Memory allocated: 16.710
	After conv - Memory allocated: 16.757
	After patch_embed - Memory allocated: 16.757
	After residual add - Memory allocated: 16.805
[RSTB 4] Memory allocated: 16.757
	Start - Memory allocated: 16.757
			SwinBlock Start - Memory: 16.757
			After norm1 - Memory: 16.805 (+0.048)
			After view reshape - Memory: 16.805 (+0.000)
			After cyclic shift - Memory: 16.805 (+0.000)
			After window partition - Memory: 16.852 (+0.047)
			After attention - Memory: 17.189 (+0.337)
			After window merge - Memory: 17.236 (+0.047)
			After reverse shift & view - Memory: 17.189 (+-0.047)
			After first residual - Memory: 17.236 (+0.047)
			After MLP + residual - Memory: 17.520 (+0.284)
		[Block 0] Memory allocated: 17.425
			SwinBlock Start - Memory: 17.425
			After norm1 - Memory: 17.473 (+0.048)
			After view reshape - Memory: 17.473 (+0.000)
			After cyclic shift - Memory: 17.520 (+0.047)
			After window partition - Memory: 17.567 (+0.047)
			After attention - Memory: 17.904 (+0.337)
			After window merge - Memory: 17.904 (+0.000)
			After reverse shift & view - Memory: 17.904 (+0.000)
			After first residual - Memory: 17.904 (+0.000)
			After MLP + residual - Memory: 18.188 (+0.284)
		[Block 1] Memory allocated: 18.093
			SwinBlock Start - Memory: 18.093
			After norm1 - Memory: 18.141 (+0.048)
			After view reshape - Memory: 18.141 (+0.000)
			After cyclic shift - Memory: 18.141 (+0.000)
			After window partition - Memory: 18.188 (+0.047)
			After attention - Memory: 18.525 (+0.337)
			After window merge - Memory: 18.572 (+0.047)
			After reverse shift & view - Memory: 18.525 (+-0.047)
			After first residual - Memory: 18.572 (+0.047)
			After MLP + residual - Memory: 18.856 (+0.284)
		[Block 2] Memory allocated: 18.761
			SwinBlock Start - Memory: 18.761
			After norm1 - Memory: 18.809 (+0.048)
			After view reshape - Memory: 18.809 (+0.000)
			After cyclic shift - Memory: 18.856 (+0.047)
			After window partition - Memory: 18.903 (+0.047)
			After attention - Memory: 19.240 (+0.337)
			After window merge - Memory: 19.240 (+0.000)
			After reverse shift & view - Memory: 19.240 (+0.000)
			After first residual - Memory: 19.240 (+0.000)
			After MLP + residual - Memory: 19.524 (+0.284)
		[Block 3] Memory allocated: 19.429
			SwinBlock Start - Memory: 19.429
			After norm1 - Memory: 19.477 (+0.048)
			After view reshape - Memory: 19.477 (+0.000)
			After cyclic shift - Memory: 19.477 (+0.000)
			After window partition - Memory: 19.524 (+0.047)
			After attention - Memory: 19.861 (+0.337)
			After window merge - Memory: 19.908 (+0.047)
			After reverse shift & view - Memory: 19.861 (+-0.047)
			After first residual - Memory: 19.908 (+0.047)
			After MLP + residual - Memory: 20.192 (+0.284)
		[Block 4] Memory allocated: 20.097
			SwinBlock Start - Memory: 20.097
			After norm1 - Memory: 20.145 (+0.048)
			After view reshape - Memory: 20.145 (+0.000)
			After cyclic shift - Memory: 20.192 (+0.047)
			After window partition - Memory: 20.239 (+0.047)
			After attention - Memory: 20.576 (+0.337)
			After window merge - Memory: 20.576 (+0.000)
			After reverse shift & view - Memory: 20.576 (+0.000)
			After first residual - Memory: 20.576 (+0.000)
			After MLP + residual - Memory: 20.861 (+0.285)
		[Block 5] Memory allocated: 20.766
	After residual_group - Memory allocated: 20.766
	After patch_unembed - Memory allocated: 20.766
	After conv - Memory allocated: 20.813
	After patch_embed - Memory allocated: 20.813
	After residual add - Memory allocated: 20.861
[RSTB 5] Memory allocated: 20.813
	Start - Memory allocated: 20.813
			SwinBlock Start - Memory: 20.813
			After norm1 - Memory: 20.861 (+0.048)
			After view reshape - Memory: 20.861 (+0.000)
			After cyclic shift - Memory: 20.861 (+0.000)
			After window partition - Memory: 20.909 (+0.048)
			After attention - Memory: 21.248 (+0.339)
			After window merge - Memory: 21.295 (+0.047)
			After reverse shift & view - Memory: 21.248 (+-0.047)
			After first residual - Memory: 21.295 (+0.047)
			After MLP + residual - Memory: 21.581 (+0.286)
		[Block 0] Memory allocated: 21.487
			SwinBlock Start - Memory: 21.487
			After norm1 - Memory: 21.534 (+0.048)
			After view reshape - Memory: 21.534 (+0.000)
			After cyclic shift - Memory: 21.581 (+0.047)
			After window partition - Memory: 21.629 (+0.047)
			After attention - Memory: 21.967 (+0.339)
			After window merge - Memory: 21.967 (+0.000)
			After reverse shift & view - Memory: 21.967 (+0.000)
			After first residual - Memory: 21.967 (+0.000)
			After MLP + residual - Memory: 22.253 (+0.286)
		[Block 1] Memory allocated: 22.158
			SwinBlock Start - Memory: 22.158
			After norm1 - Memory: 22.205 (+0.048)
			After view reshape - Memory: 22.205 (+0.000)
			After cyclic shift - Memory: 22.205 (+0.000)
			After window partition - Memory: 22.254 (+0.048)
			After attention - Memory: 22.592 (+0.339)
			After window merge - Memory: 22.639 (+0.047)
			After reverse shift & view - Memory: 22.592 (+-0.047)
			After first residual - Memory: 22.639 (+0.047)
			After MLP + residual - Memory: 22.925 (+0.286)
		[Block 2] Memory allocated: 22.831
			SwinBlock Start - Memory: 22.831
			After norm1 - Memory: 22.879 (+0.048)
			After view reshape - Memory: 22.879 (+0.000)
			After cyclic shift - Memory: 22.926 (+0.047)
			After window partition - Memory: 22.973 (+0.047)
			After attention - Memory: 23.312 (+0.339)
			After window merge - Memory: 23.312 (+0.000)
			After reverse shift & view - Memory: 23.312 (+0.000)
			After first residual - Memory: 23.312 (+0.000)
			After MLP + residual - Memory: 23.597 (+0.286)
		[Block 3] Memory allocated: 23.502
			SwinBlock Start - Memory: 23.502
			After norm1 - Memory: 23.550 (+0.048)
			After view reshape - Memory: 23.550 (+0.000)
			After cyclic shift - Memory: 23.550 (+0.000)
			After window partition - Memory: 23.598 (+0.048)
			After attention - Memory: 23.937 (+0.339)
			After window merge - Memory: 23.984 (+0.047)
			After reverse shift & view - Memory: 23.937 (+-0.047)
			After first residual - Memory: 23.984 (+0.047)
			After MLP + residual - Memory: 24.269 (+0.286)
		[Block 4] Memory allocated: 24.175
			SwinBlock Start - Memory: 24.175
			After norm1 - Memory: 24.223 (+0.048)
			After view reshape - Memory: 24.223 (+0.000)
			After cyclic shift - Memory: 24.270 (+0.047)
			After window partition - Memory: 24.317 (+0.047)
			After attention - Memory: 24.656 (+0.339)
			After window merge - Memory: 24.656 (+0.000)
			After reverse shift & view - Memory: 24.656 (+0.000)
			After first residual - Memory: 24.656 (+0.000)
			After MLP + residual - Memory: 24.942 (+0.286)
		[Block 5] Memory allocated: 24.846
	After residual_group - Memory allocated: 24.846
	After patch_unembed - Memory allocated: 24.846
	After conv - Memory allocated: 24.893
	After patch_embed - Memory allocated: 24.893
	After residual add - Memory allocated: 24.942
	[Batch 8] Memory allocated, after forward: 25.073 GB
	[Batch 8] Memory allocated, before backward: 25.076 GB
	[Batch 8] Memory allocated, after backward: 0.291 GB
	[Batch 8] Memory allocated, after optimizer: 0.291 GB
Batch index: 8...
	[Batch 9] Memory allocated, before forward: 0.242 GB
[RSTB 0] Memory allocated: 0.340
	Start - Memory allocated: 0.340
			SwinBlock Start - Memory: 0.340
			After norm1 - Memory: 0.389 (+0.049)
			After view reshape - Memory: 0.389 (+0.000)
			After cyclic shift - Memory: 0.389 (+0.000)
			After window partition - Memory: 0.437 (+0.048)
			After attention - Memory: 0.779 (+0.342)
			After window merge - Memory: 0.827 (+0.048)
			After reverse shift & view - Memory: 0.779 (+-0.048)
			After first residual - Memory: 0.827 (+0.048)
			After MLP + residual - Memory: 1.113 (+0.286)
		[Block 0] Memory allocated: 1.016
			SwinBlock Start - Memory: 1.016
			After norm1 - Memory: 1.065 (+0.049)
			After view reshape - Memory: 1.065 (+0.000)
			After cyclic shift - Memory: 1.113 (+0.048)
			After window partition - Memory: 1.161 (+0.048)
			After attention - Memory: 1.503 (+0.342)
			After window merge - Memory: 1.503 (+0.000)
			After reverse shift & view - Memory: 1.503 (+0.000)
			After first residual - Memory: 1.503 (+0.000)
			After MLP + residual - Memory: 1.789 (+0.286)
		[Block 1] Memory allocated: 1.693
			SwinBlock Start - Memory: 1.693
			After norm1 - Memory: 1.741 (+0.049)
			After view reshape - Memory: 1.741 (+0.000)
			After cyclic shift - Memory: 1.741 (+0.000)
			After window partition - Memory: 1.790 (+0.048)
			After attention - Memory: 2.131 (+0.342)
			After window merge - Memory: 2.180 (+0.048)
			After reverse shift & view - Memory: 2.131 (+-0.048)
			After first residual - Memory: 2.180 (+0.048)
			After MLP + residual - Memory: 2.465 (+0.286)
		[Block 2] Memory allocated: 2.369
			SwinBlock Start - Memory: 2.369
			After norm1 - Memory: 2.418 (+0.049)
			After view reshape - Memory: 2.418 (+0.000)
			After cyclic shift - Memory: 2.466 (+0.048)
			After window partition - Memory: 2.514 (+0.048)
			After attention - Memory: 2.856 (+0.342)
			After window merge - Memory: 2.856 (+0.000)
			After reverse shift & view - Memory: 2.856 (+0.000)
			After first residual - Memory: 2.856 (+0.000)
			After MLP + residual - Memory: 3.142 (+0.286)
		[Block 3] Memory allocated: 3.045
			SwinBlock Start - Memory: 3.045
			After norm1 - Memory: 3.094 (+0.049)
			After view reshape - Memory: 3.094 (+0.000)
			After cyclic shift - Memory: 3.094 (+0.000)
			After window partition - Memory: 3.142 (+0.048)
			After attention - Memory: 3.484 (+0.342)
			After window merge - Memory: 3.532 (+0.048)
			After reverse shift & view - Memory: 3.484 (+-0.048)
			After first residual - Memory: 3.532 (+0.048)
			After MLP + residual - Memory: 3.818 (+0.286)
		[Block 4] Memory allocated: 3.722
			SwinBlock Start - Memory: 3.722
			After norm1 - Memory: 3.770 (+0.049)
			After view reshape - Memory: 3.770 (+0.000)
			After cyclic shift - Memory: 3.819 (+0.048)
			After window partition - Memory: 3.867 (+0.048)
			After attention - Memory: 4.209 (+0.342)
			After window merge - Memory: 4.209 (+0.000)
			After reverse shift & view - Memory: 4.209 (+0.000)
			After first residual - Memory: 4.209 (+0.000)
			After MLP + residual - Memory: 4.494 (+0.286)
		[Block 5] Memory allocated: 4.398
	After residual_group - Memory allocated: 4.398
	After patch_unembed - Memory allocated: 4.398
	After conv - Memory allocated: 4.446
	After patch_embed - Memory allocated: 4.446
	After residual add - Memory allocated: 4.494
[RSTB 1] Memory allocated: 4.446
	Start - Memory allocated: 4.446
			SwinBlock Start - Memory: 4.446
			After norm1 - Memory: 4.495 (+0.049)
			After view reshape - Memory: 4.495 (+0.000)
			After cyclic shift - Memory: 4.495 (+0.000)
			After window partition - Memory: 4.543 (+0.048)
			After attention - Memory: 4.885 (+0.342)
			After window merge - Memory: 4.933 (+0.048)
			After reverse shift & view - Memory: 4.885 (+-0.048)
			After first residual - Memory: 4.933 (+0.048)
			After MLP + residual - Memory: 5.219 (+0.286)
		[Block 0] Memory allocated: 5.122
			SwinBlock Start - Memory: 5.122
			After norm1 - Memory: 5.171 (+0.049)
			After view reshape - Memory: 5.171 (+0.000)
			After cyclic shift - Memory: 5.219 (+0.048)
			After window partition - Memory: 5.268 (+0.048)
			After attention - Memory: 5.610 (+0.342)
			After window merge - Memory: 5.610 (+0.000)
			After reverse shift & view - Memory: 5.610 (+0.000)
			After first residual - Memory: 5.610 (+0.000)
			After MLP + residual - Memory: 5.895 (+0.286)
		[Block 1] Memory allocated: 5.799
			SwinBlock Start - Memory: 5.799
			After norm1 - Memory: 5.848 (+0.049)
			After view reshape - Memory: 5.848 (+0.000)
			After cyclic shift - Memory: 5.848 (+0.000)
			After window partition - Memory: 5.896 (+0.048)
			After attention - Memory: 6.238 (+0.342)
			After window merge - Memory: 6.286 (+0.048)
			After reverse shift & view - Memory: 6.238 (+-0.048)
			After first residual - Memory: 6.286 (+0.048)
			After MLP + residual - Memory: 6.572 (+0.286)
		[Block 2] Memory allocated: 6.475
			SwinBlock Start - Memory: 6.475
			After norm1 - Memory: 6.524 (+0.049)
			After view reshape - Memory: 6.524 (+0.000)
			After cyclic shift - Memory: 6.572 (+0.048)
			After window partition - Memory: 6.620 (+0.048)
			After attention - Memory: 6.962 (+0.342)
			After window merge - Memory: 6.962 (+0.000)
			After reverse shift & view - Memory: 6.962 (+0.000)
			After first residual - Memory: 6.962 (+0.000)
			After MLP + residual - Memory: 7.248 (+0.286)
		[Block 3] Memory allocated: 7.151
			SwinBlock Start - Memory: 7.151
			After norm1 - Memory: 7.200 (+0.049)
			After view reshape - Memory: 7.200 (+0.000)
			After cyclic shift - Memory: 7.200 (+0.000)
			After window partition - Memory: 7.248 (+0.048)
			After attention - Memory: 7.590 (+0.342)
			After window merge - Memory: 7.639 (+0.048)
			After reverse shift & view - Memory: 7.590 (+-0.048)
			After first residual - Memory: 7.639 (+0.048)
			After MLP + residual - Memory: 7.924 (+0.286)
		[Block 4] Memory allocated: 7.828
			SwinBlock Start - Memory: 7.828
			After norm1 - Memory: 7.877 (+0.049)
			After view reshape - Memory: 7.877 (+0.000)
			After cyclic shift - Memory: 7.925 (+0.048)
			After window partition - Memory: 7.973 (+0.048)
			After attention - Memory: 8.315 (+0.342)
			After window merge - Memory: 8.315 (+0.000)
			After reverse shift & view - Memory: 8.315 (+0.000)
			After first residual - Memory: 8.315 (+0.000)
			After MLP + residual - Memory: 8.601 (+0.286)
		[Block 5] Memory allocated: 8.504
	After residual_group - Memory allocated: 8.504
	After patch_unembed - Memory allocated: 8.504
	After conv - Memory allocated: 8.552
	After patch_embed - Memory allocated: 8.552
	After residual add - Memory allocated: 8.601
[RSTB 2] Memory allocated: 8.552
	Start - Memory allocated: 8.552
			SwinBlock Start - Memory: 8.552
			After norm1 - Memory: 8.601 (+0.049)
			After view reshape - Memory: 8.601 (+0.000)
			After cyclic shift - Memory: 8.601 (+0.000)
			After window partition - Memory: 8.649 (+0.048)
			After attention - Memory: 8.991 (+0.342)
			After window merge - Memory: 9.039 (+0.048)
			After reverse shift & view - Memory: 8.991 (+-0.048)
			After first residual - Memory: 9.039 (+0.048)
			After MLP + residual - Memory: 9.325 (+0.286)
		[Block 0] Memory allocated: 9.229
			SwinBlock Start - Memory: 9.229
			After norm1 - Memory: 9.277 (+0.049)
			After view reshape - Memory: 9.277 (+0.000)
			After cyclic shift - Memory: 9.326 (+0.048)
			After window partition - Memory: 9.374 (+0.048)
			After attention - Memory: 9.716 (+0.342)
			After window merge - Memory: 9.716 (+0.000)
			After reverse shift & view - Memory: 9.716 (+0.000)
			After first residual - Memory: 9.716 (+0.000)
			After MLP + residual - Memory: 10.001 (+0.286)
		[Block 1] Memory allocated: 9.905
			SwinBlock Start - Memory: 9.905
			After norm1 - Memory: 9.954 (+0.049)
			After view reshape - Memory: 9.954 (+0.000)
			After cyclic shift - Memory: 9.954 (+0.000)
			After window partition - Memory: 10.002 (+0.048)
			After attention - Memory: 10.344 (+0.342)
			After window merge - Memory: 10.392 (+0.048)
			After reverse shift & view - Memory: 10.344 (+-0.048)
			After first residual - Memory: 10.392 (+0.048)
			After MLP + residual - Memory: 10.678 (+0.286)
		[Block 2] Memory allocated: 10.581
			SwinBlock Start - Memory: 10.581
			After norm1 - Memory: 10.630 (+0.049)
			After view reshape - Memory: 10.630 (+0.000)
			After cyclic shift - Memory: 10.678 (+0.048)
			After window partition - Memory: 10.727 (+0.048)
			After attention - Memory: 11.068 (+0.342)
			After window merge - Memory: 11.068 (+0.000)
			After reverse shift & view - Memory: 11.068 (+0.000)
			After first residual - Memory: 11.068 (+0.000)
			After MLP + residual - Memory: 11.354 (+0.286)
		[Block 3] Memory allocated: 11.258
			SwinBlock Start - Memory: 11.258
			After norm1 - Memory: 11.306 (+0.049)
			After view reshape - Memory: 11.306 (+0.000)
			After cyclic shift - Memory: 11.306 (+0.000)
			After window partition - Memory: 11.355 (+0.048)
			After attention - Memory: 11.697 (+0.342)
			After window merge - Memory: 11.745 (+0.048)
			After reverse shift & view - Memory: 11.697 (+-0.048)
			After first residual - Memory: 11.745 (+0.048)
			After MLP + residual - Memory: 12.030 (+0.286)
		[Block 4] Memory allocated: 11.934
			SwinBlock Start - Memory: 11.934
			After norm1 - Memory: 11.983 (+0.049)
			After view reshape - Memory: 11.983 (+0.000)
			After cyclic shift - Memory: 12.031 (+0.048)
			After window partition - Memory: 12.079 (+0.048)
			After attention - Memory: 12.421 (+0.342)
			After window merge - Memory: 12.421 (+0.000)
			After reverse shift & view - Memory: 12.421 (+0.000)
			After first residual - Memory: 12.421 (+0.000)
			After MLP + residual - Memory: 12.707 (+0.286)
		[Block 5] Memory allocated: 12.610
	After residual_group - Memory allocated: 12.610
	After patch_unembed - Memory allocated: 12.610
	After conv - Memory allocated: 12.659
	After patch_embed - Memory allocated: 12.659
	After residual add - Memory allocated: 12.707
[RSTB 3] Memory allocated: 12.659
	Start - Memory allocated: 12.659
			SwinBlock Start - Memory: 12.659
			After norm1 - Memory: 12.707 (+0.049)
			After view reshape - Memory: 12.707 (+0.000)
			After cyclic shift - Memory: 12.707 (+0.000)
			After window partition - Memory: 12.756 (+0.048)
			After attention - Memory: 13.097 (+0.342)
			After window merge - Memory: 13.146 (+0.048)
			After reverse shift & view - Memory: 13.097 (+-0.048)
			After first residual - Memory: 13.146 (+0.048)
			After MLP + residual - Memory: 13.431 (+0.286)
		[Block 0] Memory allocated: 13.335
			SwinBlock Start - Memory: 13.335
			After norm1 - Memory: 13.384 (+0.049)
			After view reshape - Memory: 13.384 (+0.000)
			After cyclic shift - Memory: 13.432 (+0.048)
			After window partition - Memory: 13.480 (+0.048)
			After attention - Memory: 13.822 (+0.342)
			After window merge - Memory: 13.822 (+0.000)
			After reverse shift & view - Memory: 13.822 (+0.000)
			After first residual - Memory: 13.822 (+0.000)
			After MLP + residual - Memory: 14.108 (+0.286)
		[Block 1] Memory allocated: 14.011
			SwinBlock Start - Memory: 14.011
			After norm1 - Memory: 14.060 (+0.049)
			After view reshape - Memory: 14.060 (+0.000)
			After cyclic shift - Memory: 14.060 (+0.000)
			After window partition - Memory: 14.108 (+0.048)
			After attention - Memory: 14.450 (+0.342)
			After window merge - Memory: 14.498 (+0.048)
			After reverse shift & view - Memory: 14.450 (+-0.048)
			After first residual - Memory: 14.498 (+0.048)
			After MLP + residual - Memory: 14.784 (+0.286)
		[Block 2] Memory allocated: 14.688
			SwinBlock Start - Memory: 14.688
			After norm1 - Memory: 14.736 (+0.049)
			After view reshape - Memory: 14.736 (+0.000)
			After cyclic shift - Memory: 14.785 (+0.048)
			After window partition - Memory: 14.833 (+0.048)
			After attention - Memory: 15.175 (+0.342)
			After window merge - Memory: 15.175 (+0.000)
			After reverse shift & view - Memory: 15.175 (+0.000)
			After first residual - Memory: 15.175 (+0.000)
			After MLP + residual - Memory: 15.460 (+0.286)
		[Block 3] Memory allocated: 15.364
			SwinBlock Start - Memory: 15.364
			After norm1 - Memory: 15.413 (+0.049)
			After view reshape - Memory: 15.413 (+0.000)
			After cyclic shift - Memory: 15.413 (+0.000)
			After window partition - Memory: 15.461 (+0.048)
			After attention - Memory: 15.803 (+0.342)
			After window merge - Memory: 15.851 (+0.048)
			After reverse shift & view - Memory: 15.803 (+-0.048)
			After first residual - Memory: 15.851 (+0.048)
			After MLP + residual - Memory: 16.137 (+0.286)
		[Block 4] Memory allocated: 16.040
			SwinBlock Start - Memory: 16.040
			After norm1 - Memory: 16.089 (+0.049)
			After view reshape - Memory: 16.089 (+0.000)
			After cyclic shift - Memory: 16.136 (+0.047)
			After window partition - Memory: 16.184 (+0.048)
			After attention - Memory: 16.521 (+0.337)
			After window merge - Memory: 16.521 (+0.000)
			After reverse shift & view - Memory: 16.520 (+-0.001)
			After first residual - Memory: 16.520 (+0.000)
			After MLP + residual - Memory: 16.805 (+0.285)
		[Block 5] Memory allocated: 16.710
	After residual_group - Memory allocated: 16.710
	After patch_unembed - Memory allocated: 16.710
	After conv - Memory allocated: 16.757
	After patch_embed - Memory allocated: 16.757
	After residual add - Memory allocated: 16.805
[RSTB 4] Memory allocated: 16.757
	Start - Memory allocated: 16.757
			SwinBlock Start - Memory: 16.757
			After norm1 - Memory: 16.805 (+0.048)
			After view reshape - Memory: 16.805 (+0.000)
			After cyclic shift - Memory: 16.805 (+0.000)
			After window partition - Memory: 16.852 (+0.047)
			After attention - Memory: 17.189 (+0.337)
			After window merge - Memory: 17.236 (+0.047)
			After reverse shift & view - Memory: 17.189 (+-0.047)
			After first residual - Memory: 17.236 (+0.047)
			After MLP + residual - Memory: 17.520 (+0.284)
		[Block 0] Memory allocated: 17.425
			SwinBlock Start - Memory: 17.425
			After norm1 - Memory: 17.473 (+0.048)
			After view reshape - Memory: 17.473 (+0.000)
			After cyclic shift - Memory: 17.520 (+0.047)
			After window partition - Memory: 17.567 (+0.047)
			After attention - Memory: 17.904 (+0.337)
			After window merge - Memory: 17.904 (+0.000)
			After reverse shift & view - Memory: 17.904 (+0.000)
			After first residual - Memory: 17.904 (+0.000)
			After MLP + residual - Memory: 18.188 (+0.284)
		[Block 1] Memory allocated: 18.093
			SwinBlock Start - Memory: 18.093
			After norm1 - Memory: 18.141 (+0.048)
			After view reshape - Memory: 18.141 (+0.000)
			After cyclic shift - Memory: 18.141 (+0.000)
			After window partition - Memory: 18.188 (+0.047)
			After attention - Memory: 18.525 (+0.337)
			After window merge - Memory: 18.572 (+0.047)
			After reverse shift & view - Memory: 18.525 (+-0.047)
			After first residual - Memory: 18.572 (+0.047)
			After MLP + residual - Memory: 18.856 (+0.284)
		[Block 2] Memory allocated: 18.761
			SwinBlock Start - Memory: 18.761
			After norm1 - Memory: 18.809 (+0.048)
			After view reshape - Memory: 18.809 (+0.000)
			After cyclic shift - Memory: 18.856 (+0.047)
			After window partition - Memory: 18.903 (+0.047)
			After attention - Memory: 19.240 (+0.337)
			After window merge - Memory: 19.240 (+0.000)
			After reverse shift & view - Memory: 19.240 (+0.000)
			After first residual - Memory: 19.240 (+0.000)
			After MLP + residual - Memory: 19.524 (+0.284)
		[Block 3] Memory allocated: 19.429
			SwinBlock Start - Memory: 19.429
			After norm1 - Memory: 19.477 (+0.048)
			After view reshape - Memory: 19.477 (+0.000)
			After cyclic shift - Memory: 19.477 (+0.000)
			After window partition - Memory: 19.524 (+0.047)
			After attention - Memory: 19.861 (+0.337)
			After window merge - Memory: 19.908 (+0.047)
			After reverse shift & view - Memory: 19.861 (+-0.047)
			After first residual - Memory: 19.908 (+0.047)
			After MLP + residual - Memory: 20.192 (+0.284)
		[Block 4] Memory allocated: 20.097
			SwinBlock Start - Memory: 20.097
			After norm1 - Memory: 20.145 (+0.048)
			After view reshape - Memory: 20.145 (+0.000)
			After cyclic shift - Memory: 20.192 (+0.047)
			After window partition - Memory: 20.239 (+0.047)
			After attention - Memory: 20.576 (+0.337)
			After window merge - Memory: 20.576 (+0.000)
			After reverse shift & view - Memory: 20.576 (+0.000)
			After first residual - Memory: 20.576 (+0.000)
			After MLP + residual - Memory: 20.861 (+0.285)
		[Block 5] Memory allocated: 20.766
	After residual_group - Memory allocated: 20.766
	After patch_unembed - Memory allocated: 20.766
	After conv - Memory allocated: 20.813
	After patch_embed - Memory allocated: 20.813
	After residual add - Memory allocated: 20.861
[RSTB 5] Memory allocated: 20.813
	Start - Memory allocated: 20.813
			SwinBlock Start - Memory: 20.813
			After norm1 - Memory: 20.861 (+0.048)
			After view reshape - Memory: 20.861 (+0.000)
			After cyclic shift - Memory: 20.861 (+0.000)
			After window partition - Memory: 20.909 (+0.048)
			After attention - Memory: 21.248 (+0.339)
			After window merge - Memory: 21.295 (+0.047)
			After reverse shift & view - Memory: 21.248 (+-0.047)
			After first residual - Memory: 21.295 (+0.047)
			After MLP + residual - Memory: 21.581 (+0.286)
		[Block 0] Memory allocated: 21.487
			SwinBlock Start - Memory: 21.487
			After norm1 - Memory: 21.534 (+0.048)
			After view reshape - Memory: 21.534 (+0.000)
			After cyclic shift - Memory: 21.581 (+0.047)
			After window partition - Memory: 21.629 (+0.047)
			After attention - Memory: 21.967 (+0.339)
			After window merge - Memory: 21.967 (+0.000)
			After reverse shift & view - Memory: 21.967 (+0.000)
			After first residual - Memory: 21.967 (+0.000)
			After MLP + residual - Memory: 22.253 (+0.286)
		[Block 1] Memory allocated: 22.158
			SwinBlock Start - Memory: 22.158
			After norm1 - Memory: 22.205 (+0.048)
			After view reshape - Memory: 22.205 (+0.000)
			After cyclic shift - Memory: 22.205 (+0.000)
			After window partition - Memory: 22.254 (+0.048)
			After attention - Memory: 22.592 (+0.339)
			After window merge - Memory: 22.639 (+0.047)
			After reverse shift & view - Memory: 22.592 (+-0.047)
			After first residual - Memory: 22.639 (+0.047)
			After MLP + residual - Memory: 22.925 (+0.286)
		[Block 2] Memory allocated: 22.831
			SwinBlock Start - Memory: 22.831
			After norm1 - Memory: 22.879 (+0.048)
			After view reshape - Memory: 22.879 (+0.000)
			After cyclic shift - Memory: 22.926 (+0.047)
			After window partition - Memory: 22.973 (+0.047)
			After attention - Memory: 23.312 (+0.339)
			After window merge - Memory: 23.312 (+0.000)
			After reverse shift & view - Memory: 23.312 (+0.000)
			After first residual - Memory: 23.312 (+0.000)
			After MLP + residual - Memory: 23.597 (+0.286)
		[Block 3] Memory allocated: 23.502
			SwinBlock Start - Memory: 23.502
			After norm1 - Memory: 23.550 (+0.048)
			After view reshape - Memory: 23.550 (+0.000)
			After cyclic shift - Memory: 23.550 (+0.000)
			After window partition - Memory: 23.598 (+0.048)
			After attention - Memory: 23.937 (+0.339)
			After window merge - Memory: 23.984 (+0.047)
			After reverse shift & view - Memory: 23.937 (+-0.047)
			After first residual - Memory: 23.984 (+0.047)
			After MLP + residual - Memory: 24.269 (+0.286)
		[Block 4] Memory allocated: 24.175
			SwinBlock Start - Memory: 24.175
			After norm1 - Memory: 24.223 (+0.048)
			After view reshape - Memory: 24.223 (+0.000)
			After cyclic shift - Memory: 24.270 (+0.047)
			After window partition - Memory: 24.317 (+0.047)
			After attention - Memory: 24.656 (+0.339)
			After window merge - Memory: 24.656 (+0.000)
			After reverse shift & view - Memory: 24.656 (+0.000)
			After first residual - Memory: 24.656 (+0.000)
			After MLP + residual - Memory: 24.942 (+0.286)
		[Block 5] Memory allocated: 24.846
	After residual_group - Memory allocated: 24.846
	After patch_unembed - Memory allocated: 24.846
	After conv - Memory allocated: 24.893
	After patch_embed - Memory allocated: 24.893
	After residual add - Memory allocated: 24.942
	[Batch 9] Memory allocated, after forward: 25.073 GB
	[Batch 9] Memory allocated, before backward: 25.076 GB
	[Batch 9] Memory allocated, after backward: 0.291 GB
	[Batch 9] Memory allocated, after optimizer: 0.291 GB
